userId,firstName,lastName,City,country,Email,Money Paid,Month,
9373,Herta,Bergstrom,North Elinore,Northern Mariana Islands,Davon.Green@gmail.com,FALSE,October,
7354,Gilda,O'Hara,Johnsonville,Bangladesh,Justyn.Miller@yahoo.com,TRUE,December,
7516,Violet,Koch,Lakinmouth,Togo,Eva48@yahoo.com,TRUE,August,
4826,Hudson,Homenick,South Breannestad,Austria,Brandy.Satterfield3@gmail.com,FALSE,February,
1771,Derrick,Mertz,Martyton,Faroe Islands,Brisa.Rohan@hotmail.com,TRUE,March,
7273,Aric,Kerluke,South Jensenborough,United States of America,Delilah_Johnston@hotmail.com,FALSE,November,
1564,Pearlie,Keebler,Lindgrenborough,Serbia,Nora.Steuber64@gmail.com,TRUE,March,
7550,Serenity,Cummings,Port Abbeystad,Russian Federation,Yasmeen_Morissette@yahoo.com,TRUE,July,
5189,Lamont,Mayert,Lake Maida,Qatar,Bessie_Barrows42@gmail.com,TRUE,May,
4975,Wilber,Hauck,West Jana,Montserrat,Jovanny22@hotmail.com,TRUE,October,
9211,Kay,Schulist,Markston,Cambodia,Violette_Gaylord@hotmail.com,FALSE,February,
4737,Natalie,Casper,South Ron,Kyrgyz Republic,Korey_Lynch80@hotmail.com,TRUE,July,
1178,Jacklyn,Hoppe,Lake Josueport,Solomon Islands,Mariela_Luettgen63@gmail.com,FALSE,September,
100,Ryley,Konopelski,Port Verdie,Estonia,Emiliano86@hotmail.com,TRUE,January,
8265,Vincenzo,McLaughlin,Joeyhaven,Belarus,Jacques10@gmail.com,FALSE,September,
5729,Nickolas,Wilkinson,Bernardomouth,Israel,Stevie_Cartwright@gmail.com,FALSE,March,
8610,Sophie,Ritchie,Corwinton,Guinea-Bissau,Morton_Franecki81@gmail.com,FALSE,January,
3027,Amani,Ondricka,Port Dudley,Antigua and Barbuda,Maxie70@yahoo.com,FALSE,February,
5869,Haleigh,Senger,New Jarretbury,Moldova,Donald.Mertz@gmail.com,TRUE,February,
8463,Ike,Hauck,East Stacyside,Tunisia,Marisa14@yahoo.com,TRUE,August,
5059,Margarette,Bergnaum,Lake Felicityfort,Germany,Forrest90@hotmail.com,FALSE,January,
3212,Aaliyah,Christiansen,New Ebbaburgh,Monaco,Nona17@yahoo.com,TRUE,August,
1686,Zoila,Carroll,New Ashtynmouth,Vanuatu,Loy.Hoppe71@yahoo.com,TRUE,April,
4932,Mellie,Lesch,Wintheiserport,Mexico,Sylvan_Hilpert@hotmail.com,FALSE,December,
1580,Reuben,Rowe,Lake Judah,Trinidad and Tobago,Elmer.Simonis@gmail.com,TRUE,May,
6823,Vernon,Wuckert,Leonelville,Equatorial Guinea,Lucinda2@gmail.com,FALSE,February,
9776,Melany,Turcotte,Ilatown,France,Joany81@gmail.com,TRUE,November,
8762,Lois,Hermann,Hageneschester,Madagascar,Robyn_Wilderman39@hotmail.com,TRUE,June,
6479,Kaelyn,Willms,Winstonfort,Kenya,Jasen_Bins@gmail.com,FALSE,September,
9035,Aleen,Kris,Kohlerberg,United States of America,Emily.Gleason@gmail.com,TRUE,June,
8990,Whitney,Herman,Port Alexandrinetown,Germany,Chesley_Armstrong37@hotmail.com,TRUE,May,
7016,Bert,Barton,South Rebecca,Georgia,Giovanni93@hotmail.com,TRUE,August,
1800,Hellen,Osinski,Ankundingside,Luxembourg,Jarod.Frami@hotmail.com,FALSE,December,
5694,Enrico,Frami,East Hazleside,Eritrea,Candida.Hane33@gmail.com,FALSE,November,
1062,Martina,Murphy,Pasqualeborough,Algeria,Jack_Ratke36@hotmail.com,FALSE,June,
88,Sheila,Fay,North Verna,Austria,Eduardo.Krajcik@yahoo.com,FALSE,November,
1481,Jaqueline,Krajcik,Schmitthaven,Poland,Brandyn.Leannon@hotmail.com,FALSE,September,
5128,Joanne,Adams,Connborough,Japan,Terrence.Nicolas@hotmail.com,FALSE,December,
8936,Dexter,Beatty,Kyrabury,Australia,Deon35@yahoo.com,FALSE,March,
7402,Helena,Blanda,Hegmannshire,Honduras,Audra_Nikolaus@yahoo.com,TRUE,January,
8023,Hilma,Shields,Augustburgh,Bangladesh,Hulda.Quitzon57@hotmail.com,FALSE,November,
9298,Ashlynn,Murazik,New Demarcus,Cook Islands,Raoul.Kerluke39@yahoo.com,TRUE,August,
8246,Norwood,Monahan,Port Casimir,Saint Pierre and Miquelon,Ramiro_Cormier6@yahoo.com,FALSE,September,
264,Harold,Gorczany,New Meggie,Italy,Romaine6@gmail.com,FALSE,September,
7908,Telly,Wiegand,North Kanemouth,Western Sahara,Gussie.Kuvalis@yahoo.com,TRUE,December,
2613,Oliver,Quitzon,Allanchester,Guadeloupe,Sophie8@hotmail.com,TRUE,February,
2404,Delphine,Stamm,Lake Gradyton,Armenia,Roy83@gmail.com,TRUE,August,
6409,Cleo,McGlynn,Jarrellside,Guinea-Bissau,Fabiola_Little@yahoo.com,TRUE,April,
3059,Teresa,Corkery,West Steve,Rwanda,Sigmund.Kiehn@yahoo.com,FALSE,September,
7622,Elna,Gleichner,Lake Curtshire,Venezuela,Shyanne95@gmail.com,FALSE,March,
1894,Jeremy,Abbott,South Reese,Democratic People's Republic of Korea,Rosemarie51@hotmail.com,TRUE,March,
9196,Alaina,Johnson,Everardofort,Macao,Enid.Boehm@hotmail.com,TRUE,January,
8383,Shanon,Satterfield,North Andreane,Algeria,Dolly_Howe@hotmail.com,FALSE,March,
2871,Casandra,Reinger,Port Gregtown,New Caledonia,Marianne_Keebler33@yahoo.com,TRUE,January,
3749,Phoebe,Greenholt,Lake Greggton,Monaco,Vilma.Johns86@hotmail.com,TRUE,July,
22,Emory,Hartmann,Pfannerstillland,Panama,Estell42@gmail.com,TRUE,February,
6235,Jamal,Rutherford,Stiedemannland,Dominican Republic,Bradford58@gmail.com,FALSE,December,
5566,Theo,Goyette,Judahville,Tokelau,Noble77@hotmail.com,TRUE,May,
7964,Vincent,Ferry,North Rowan,Czech Republic,Adele_Frami@yahoo.com,FALSE,June,
8638,Kayden,Ernser,New Ozellabury,Honduras,Anastacio.Farrell@gmail.com,TRUE,July,
762,Mckenna,Weissnat,Wizastad,Western Sahara,Asha41@yahoo.com,FALSE,July,
3768,Norris,Trantow,Calebborough,Italy,Wilfred_Kuhic3@hotmail.com,TRUE,January,
3301,Pinkie,Hammes,Cartwrightborough,Guernsey,Rahul_Pagac22@hotmail.com,FALSE,January,
363,Bennett,Barton,South Garett,Maldives,Alfreda40@hotmail.com,FALSE,August,
1198,Sandrine,Harvey,New Martin,Tajikistan,Cary38@gmail.com,TRUE,October,
8957,Edwina,Kozey,Janniefurt,Suriname,Bulah.Welch28@yahoo.com,TRUE,July,
2860,Alphonso,Funk,West Jaidaville,Lao People's Democratic Republic,Estrella_Beer@gmail.com,TRUE,August,
2275,Beverly,Krajcik,Spinkaland,Bouvet Island (Bouvetoya),Cicero36@gmail.com,FALSE,January,
7787,Alek,Ebert,Auerbury,Grenada,Erica28@yahoo.com,TRUE,January,
6294,Waino,Stroman,North Felipehaven,Namibia,Janiya.Marks@yahoo.com,TRUE,June,
6975,Elyse,Gaylord,Coltenview,Slovenia,Meaghan_Runolfsdottir28@hotmail.com,TRUE,March,
4863,Cathrine,Zulauf,Shanahanmouth,Mayotte,Trent_Grimes@hotmail.com,TRUE,May,
3223,Lynn,Ritchie,South Ahmadchester,Papua New Guinea,Queenie27@yahoo.com,FALSE,November,
1443,Martina,Lakin,West Xavierberg,Costa Rica,Minnie5@gmail.com,FALSE,April,
3814,Camden,Toy,East Andrehaven,Falkland Islands (Malvinas),Nathaniel.Murray@gmail.com,FALSE,August,
4591,Claude,Roberts,South Shawnville,Gambia,Dorian_Hamill@hotmail.com,FALSE,July,
2931,Dante,Reichel,New Eulahburgh,Seychelles,Makayla.Shanahan43@gmail.com,TRUE,February,
8676,Summer,Schaefer,Abshirebury,Pitcairn Islands,Adan_Lesch@hotmail.com,TRUE,April,
3845,Eric,Hane,Boehmmouth,El Salvador,Marjory_Heller@yahoo.com,FALSE,March,
543,Alfonzo,Schmitt,West Georgiannastad,Nicaragua,Ford_Mraz47@yahoo.com,TRUE,November,
6938,Louie,Nitzsche,Addisonmouth,Turkmenistan,Bud_Schulist94@hotmail.com,FALSE,November,
3499,Christina,Gaylord,Amparohaven,Antigua and Barbuda,Cordia.Mills@yahoo.com,TRUE,May,
5553,Mauricio,Haley,Paucekton,Swaziland,Lavinia83@hotmail.com,FALSE,August,
7780,Wilford,Schinner,Ashlynnmouth,Czech Republic,Kevon.Schinner@gmail.com,TRUE,October,
5520,Lynn,Muller,Port Marley,French Polynesia,Makayla77@gmail.com,FALSE,September,
7819,Neva,Larson,Schadenborough,Azerbaijan,Cedrick3@yahoo.com,TRUE,September,
9330,Belle,Abshire,Shieldshaven,Somalia,Tevin82@hotmail.com,TRUE,July,
4111,Derek,Ziemann,Lake Dayton,Mauritania,Heber_Weber58@yahoo.com,TRUE,December,
6945,Cecile,Ledner,South Rachelburgh,Moldova,Calista_Orn82@hotmail.com,TRUE,January,
6473,Krystel,Ritchie,Port Ila,Colombia,Brenden.Sanford@hotmail.com,TRUE,August,
4590,Izabella,Kuphal,East Mylenehaven,Norway,Paolo_Fritsch35@yahoo.com,TRUE,June,
9466,Rosendo,Gaylord,North Cleveland,Andorra,Paul68@gmail.com,FALSE,February,
3979,Garrick,Nitzsche,North Spencerborough,Montserrat,Mazie74@hotmail.com,TRUE,June,
5361,Rosanna,Goldner,Torpton,Tajikistan,Malcolm41@gmail.com,TRUE,October,
2866,Danika,Friesen,Blockburgh,Christmas Island,Eden_Cronin37@hotmail.com,TRUE,June,
398,Franz,Little,West Ardellaburgh,Papua New Guinea,Caroline16@hotmail.com,FALSE,September,
3184,Jamarcus,Jakubowski,Cummingsville,Mali,Ally.Hamill54@yahoo.com,TRUE,October,
3846,Viviane,Hirthe,Schmittberg,Cuba,Brandyn23@hotmail.com,FALSE,March,
6521,Jeremy,Schowalter,Schulistburgh,Mozambique,Mossie_Breitenberg79@yahoo.com,FALSE,November,
482,Shania,Bartoletti,Emardville,Ecuador,Citlalli86@gmail.com,FALSE,November,
3088,Vladimir,Gislason,West Hayleystad,Cayman Islands,Alessia93@yahoo.com,TRUE,October,
4118,Shemar,Moen,Schimmelport,Belgium,Malcolm_Schamberger@hotmail.com,FALSE,October,
6517,Adah,Hahn,Olgastad,Taiwan,Jewell21@hotmail.com,TRUE,January,
8730,Judah,Mosciski,MacGyverville,Tuvalu,Jamal87@yahoo.com,TRUE,October,
6567,Sarah,O'Kon,Lake Erin,Cape Verde,Antonina.Conn@hotmail.com,FALSE,October,
7214,Elta,Murazik,Lake Emily,Jersey,Marina_Weissnat33@gmail.com,TRUE,September,
7564,Keely,MacGyver,Maidaland,Singapore,Rudy_Grimes81@yahoo.com,TRUE,September,
586,Trenton,Schoen,East Estelle,Saint Vincent and the Grenadines,Laverne_Schamberger50@gmail.com,FALSE,October,
2142,Loyce,Herzog,Clevestad,Israel,Marilou_Kshlerin@gmail.com,TRUE,July,
8351,Tomasa,Gutmann,New Ephraimfurt,Heard Island and McDonald Islands,Frederique29@yahoo.com,FALSE,April,
5108,Armani,Kerluke,Vickymouth,Ethiopia,Jana99@hotmail.com,FALSE,February,
3671,Sunny,Brown,North Elmira,China,Amely0@hotmail.com,TRUE,April,
6725,Sylvan,Klocko,Bradyborough,Aruba,Carissa.Langosh@gmail.com,TRUE,August,
8588,Desmond,Jerde,Boehmberg,Mongolia,Carlie13@hotmail.com,TRUE,January,
3222,Jaylen,Flatley,South Jeramiehaven,United States of America,Elva.Schoen@yahoo.com,TRUE,January,
7575,Kyle,Koepp,East Shane,Peru,Wyatt69@gmail.com,TRUE,February,
6107,Antonio,Morissette,West Joseph,Bouvet Island (Bouvetoya),Maximus3@gmail.com,TRUE,September,
3134,Loma,Bergstrom,Reichelfurt,Antigua and Barbuda,Amani.Stark78@yahoo.com,FALSE,January,
2951,Santiago,Durgan,West Burley,Palestinian Territory,Brandyn_Gutkowski15@yahoo.com,FALSE,November,
5786,Kyra,Yundt,Koreyburgh,Guadeloupe,Audie_Batz@hotmail.com,FALSE,October,
5881,Tyreek,Fritsch,Port Crawford,Nigeria,Akeem_Klocko59@hotmail.com,TRUE,January,
9121,Celestine,Shanahan,Lowebury,Macao,Jaleel.Friesen81@gmail.com,FALSE,December,
6757,Ella,Bartoletti,Zitamouth,Kiribati,Alba.Parisian87@gmail.com,FALSE,September,
1183,Adam,Harris,Port Derekfurt,Virgin Islands, U.S.,Demetris.Runte76@gmail.com,TRUE,October
9857,Judy,Hilpert,Sporertown,Chad,Maeve_Beer@hotmail.com,TRUE,November,
609,Cordia,Balistreri,North Carmenview,Bangladesh,Thurman.Howell33@yahoo.com,TRUE,May,
1190,Genevieve,Kertzmann,South Ferminberg,Niger,Paige.Rice23@gmail.com,FALSE,May,
5633,Conner,Rau,Toystad,Malawi,Zita16@hotmail.com,FALSE,March,
5324,Meta,Hintz,Blandaville,Samoa,Lyda.Kassulke78@hotmail.com,FALSE,December,
7081,Hazle,Braun,North Elvie,Montenegro,Leonardo_Upton@yahoo.com,TRUE,October,
6020,Myrtis,Abshire,East Daniella,Swaziland,Fabiola_Kessler26@yahoo.com,FALSE,May,
1180,Ramiro,Jerde,Hortenseland,Haiti,Kylee.Watsica@hotmail.com,TRUE,September,
1487,Luz,Sawayn,Port Louisa,Belize,Ryann.Smitham@yahoo.com,TRUE,July,
6542,Riley,Hessel,Lake Adolfostad,United States of America,Drew.Will@yahoo.com,FALSE,May,
4494,Reymundo,Ondricka,Hamillton,Saint Pierre and Miquelon,Jamal_Renner81@hotmail.com,TRUE,October,
8197,Zachery,Green,Port Payton,Mongolia,Giuseppe.Carter@hotmail.com,FALSE,April,
7849,Kristoffer,Kohler,North Karli,Samoa,Alena_Pagac@yahoo.com,FALSE,August,
2083,Rolando,Witting,North Buckland,Switzerland,Laurence_Adams@hotmail.com,FALSE,October,
7322,Serena,Dare,Coratown,Netherlands,Don_Greenfelder@yahoo.com,TRUE,October,
1240,Mina,Donnelly,East Madelynland,Indonesia,Raul3@yahoo.com,TRUE,May,
4937,Bridie,Nolan,New Aniyafurt,Hong Kong,Chad69@yahoo.com,TRUE,July,
2137,Magdalen,Jakubowski,East Greenmouth,Belarus,Zechariah72@gmail.com,FALSE,November,
1722,Turner,Tromp,Port Jacynthe,Germany,Preston_Donnelly@hotmail.com,TRUE,September,
5886,Jewell,Wyman,Lake Alfonsohaven,Liberia,Dusty.McDermott5@hotmail.com,TRUE,December,
1378,Justina,Lockman,Lake Briceborough,Malta,Jefferey.Beahan@gmail.com,FALSE,February,
118,Dianna,King,East Louisa,Guernsey,Leda_Dickens50@gmail.com,FALSE,December,
4716,Josianne,Hessel,Lake Keith,Cook Islands,Ariane.Considine77@hotmail.com,TRUE,December,
3242,Jadon,Hudson,South Maureenmouth,Gambia,Meghan_Emard@hotmail.com,TRUE,July,
2889,Keith,Pagac,Daughertyborough,Niger,Wallace_Kihn60@gmail.com,TRUE,June,
4623,Reilly,Rowe,Moseshire,Sweden,Frida.Doyle@yahoo.com,FALSE,February,
9181,Fabiola,Marquardt,North Zachery,Norway,Fausto_Considine34@yahoo.com,FALSE,July,
8350,Willie,Skiles,West Ashleyside,British Indian Ocean Territory (Chagos Archipelago),Andre_Jacobson49@hotmail.com,FALSE,April,
5598,Sherman,Huel,Faheychester,Nigeria,Magali71@yahoo.com,TRUE,July,
4537,Favian,Parker,Demarcusmouth,Greenland,Lillian27@gmail.com,FALSE,February,
6689,Macie,Vandervort,Venafurt,Trinidad and Tobago,Dora43@gmail.com,FALSE,June,
4253,Mabelle,Hills,East Amiyafurt,Albania,Lou.Beer@gmail.com,FALSE,August,
9093,Jazmyn,Gibson,East Lera,Jersey,Arlene.Johnson65@yahoo.com,TRUE,September,
3311,Patricia,Robel,Danielfort,Uganda,Pietro50@yahoo.com,TRUE,May,
8835,Alexandre,Willms,Wilhelminechester,Guyana,Ray_Roob@hotmail.com,TRUE,July,
2516,Nathanael,Walker,North Stephanyburgh,United Arab Emirates,Maeve.Gorczany@gmail.com,FALSE,December,
7853,Terrence,O'Reilly,Jasonland,Portugal,Scotty92@gmail.com,TRUE,May,
1372,Delphine,Wintheiser,East Coralie,United States Minor Outlying Islands,Melisa3@hotmail.com,FALSE,April,
7558,Karina,Kessler,East Antoniahaven,Philippines,Kyra20@yahoo.com,FALSE,May,
2567,Adolfo,Bosco,South Everettetown,Barbados,Blaise.Ritchie@hotmail.com,FALSE,December,
5900,Madelynn,Fadel,Marianaton,Democratic People's Republic of Korea,Genesis8@hotmail.com,TRUE,January,
9074,Milo,Franecki,West Ernesto,Northern Mariana Islands,Teresa95@hotmail.com,FALSE,June,
1946,Darryl,Marvin,West Tiaberg,Bosnia and Herzegovina,Fredrick.Schamberger55@yahoo.com,FALSE,January,
8726,Mckayla,Brakus,Tabithaville,Paraguay,Jadon21@hotmail.com,FALSE,December,
4917,Barney,Wunsch,Micheleview,Andorra,Fay_Moore4@yahoo.com,FALSE,May,
1985,Julio,Emard,Reillymouth,Dominican Republic,Maurine94@gmail.com,TRUE,March,
6549,Leilani,McLaughlin,North Rociomouth,Christmas Island,Gene_Erdman@gmail.com,FALSE,November,
7686,Jamar,Swaniawski,Quentintown,Mexico,Judge_Mann@gmail.com,TRUE,December,
7099,Ward,Armstrong,West Oswaldo,Armenia,Vicente53@gmail.com,FALSE,April,
586,Zane,Wiza,South Arden,Chad,Orrin_Durgan12@gmail.com,TRUE,March,
4015,Dannie,Windler,North Bartonfort,Martinique,Lester87@yahoo.com,FALSE,June,
3467,Gloria,Pouros,West Geovanytown,United Kingdom,Aaron60@yahoo.com,FALSE,May,
7316,Davion,Crooks,Greenfort,Argentina,Gay.Marvin89@yahoo.com,FALSE,September,
6766,Sheila,Rath,Zulauftown,United States Minor Outlying Islands,Hassan.Muller@hotmail.com,FALSE,February,
6152,Bert,Kris,New Eugeniaburgh,Malawi,Eladio_Cartwright@yahoo.com,TRUE,June,
4270,Bart,Cartwright,Cooperhaven,Palestinian Territory,Cruz96@gmail.com,TRUE,April,
3146,Makenzie,Lynch,New Flavie,Antarctica (the territory South of 60 deg S),Jett_Prosacco63@hotmail.com,FALSE,August,
6254,Nannie,Bashirian,Port Josie,Pitcairn Islands,Aniya.Renner71@yahoo.com,TRUE,November,
4508,Magnolia,Zemlak,New Dina,Dominica,Letha_Zemlak@yahoo.com,FALSE,July,
1007,Norma,Langosh,Schambergerchester,Libyan Arab Jamahiriya,Wilmer.Waters63@yahoo.com,TRUE,February,
3324,Armani,Harber,Buckridgeport,Latvia,Gerda.Heathcote28@yahoo.com,TRUE,July,
6273,Nicolette,Feest,McLaughlinmouth,Turkmenistan,Lola20@hotmail.com,TRUE,January,
8205,Heath,McGlynn,North Perry,Nauru,Rebeka95@gmail.com,TRUE,June,
1281,Fletcher,Dibbert,Jetttown,Bosnia and Herzegovina,Yasmeen16@yahoo.com,FALSE,June,
5968,Maribel,Johnston,Gradychester,Albania,Wilfrid_Nader87@yahoo.com,TRUE,November,
4441,Darwin,Christiansen,Wolftown,Vanuatu,Jarrett77@hotmail.com,TRUE,March,
7117,Leilani,Douglas,Jamisonport,Syrian Arab Republic,Johanna.Moen@hotmail.com,TRUE,August,
834,Horacio,Smitham,East Amiya,Latvia,Victor95@hotmail.com,TRUE,December,
5161,Antwon,Osinski,Eichmannbury,India,Marietta.Braun@gmail.com,TRUE,January,
3430,Reyna,Gislason,New Roxanemouth,Mali,Lyda_Weissnat@hotmail.com,FALSE,March,
1622,Melvina,Fisher,North Twila,Estonia,Forrest84@gmail.com,TRUE,August,
8821,Art,Cruickshank,Robertsbury,Switzerland,Jacey.Heathcote34@hotmail.com,FALSE,November,
6622,Joanie,Hoeger,West Maudiefort,Russian Federation,Elmira.Klocko@gmail.com,TRUE,September,
3491,Agustina,Hessel,Tiarafort,Saint Pierre and Miquelon,Idella_Gleason@yahoo.com,TRUE,February,
8162,Bernice,Hilll,Jessicatown,Estonia,Alice_Wisozk31@hotmail.com,TRUE,June,
1469,Foster,O'Keefe,Lake Myrtieview,Madagascar,Ola68@yahoo.com,TRUE,August,
7627,Jamil,Wyman,Albinaton,Timor-Leste,Dayne.Rolfson@gmail.com,TRUE,January,
2792,Chaya,Maggio,Lake Sophiemouth,Netherlands Antilles,Fredrick.Morar84@hotmail.com,FALSE,September,
2192,Bell,Kub,Jonesmouth,Panama,Arne78@hotmail.com,TRUE,May,
9322,Natalia,Raynor,Nienowport,Cook Islands,Antoinette88@gmail.com,FALSE,September,
6691,Maymie,Konopelski,East Wilton,Solomon Islands,Betsy_Kassulke83@yahoo.com,FALSE,October,
5507,Barbara,Stracke,New Tarastad,Saint Helena,Alize_Schulist38@gmail.com,TRUE,October,
7182,Erica,O'Connell,Yasminbury,Australia,Savanah_Wunsch@gmail.com,TRUE,June,
8313,Shea,Anderson,East Chloeshire,Kyrgyz Republic,Simeon.Volkman59@yahoo.com,FALSE,April,
7973,Holden,Veum,Kaylieberg,Martinique,Wellington_Dicki1@yahoo.com,TRUE,June,
3592,Jeff,Quigley,Camrynhaven,Western Sahara,Isom.Lueilwitz32@yahoo.com,TRUE,February,
2376,Johnnie,Klocko,New Clevefurt,Wallis and Futuna,Otto_Hammes@hotmail.com,TRUE,June,
4867,Marisol,Ankunding,New Sandrashire,Liechtenstein,Giles29@yahoo.com,FALSE,August,
3341,Cydney,Dietrich,Homenickhaven,Cambodia,Tyreek93@yahoo.com,FALSE,December,
6909,Ellis,Schaden,West Dinofort,Iraq,Eli90@yahoo.com,TRUE,November,
3754,Trevion,Runolfsdottir,East Adrienneshire,Eritrea,Jada_Moen79@yahoo.com,FALSE,October,
229,Koby,Ebert,West Ryannfort,Peru,Niko20@yahoo.com,FALSE,March,
7686,Eliane,Botsford,Josefinabury,Sao Tome and Principe,Annabel_Klein@yahoo.com,TRUE,October,
7865,Lemuel,Lesch,Janellefurt,Benin,Stella_Lowe75@gmail.com,FALSE,February,
8247,Gussie,Cartwright,Gerlachbury,Equatorial Guinea,Emmitt.Sauer@hotmail.com,FALSE,April,
1725,Yasmine,Pollich,Archfort,Palestinian Territory,Milo63@hotmail.com,FALSE,March,
3232,Korbin,Nader,Port Clyde,Ukraine,Odell_Spinka@hotmail.com,TRUE,August,
5987,Uriel,Schmidt,North Cotyton,Benin,Otho10@gmail.com,TRUE,January,
5259,Jayne,Swaniawski,East Willybury,Thailand,Damaris_Jones44@gmail.com,FALSE,June,
1685,Hunter,D'Amore,Harveyfurt,Niger,Denis.Hilpert48@yahoo.com,FALSE,March,
4122,Dock,Nader,Rauport,Angola,Candida.Witting83@yahoo.com,FALSE,May,
2960,Bridget,Schimmel,South Betsyberg,Algeria,Stephen82@hotmail.com,FALSE,September,
6499,Waino,Vandervort,East Elenorstad,Afghanistan,Karolann_Abbott@hotmail.com,FALSE,September,
4038,Mohammad,Nolan,East Kory,Aruba,Marcelina_Ledner58@gmail.com,FALSE,June,
3978,Novella,Davis,East Royce,Timor-Leste,Name_Lindgren@gmail.com,FALSE,February,
1188,Lonie,Kessler,Hayeston,Jamaica,Prudence74@yahoo.com,TRUE,May,
1457,Carmelo,Oberbrunner,Lake Ida,China,Alysha74@hotmail.com,TRUE,August,
6537,Shannon,Lehner,Evaburgh,Marshall Islands,Lambert.Beahan3@gmail.com,TRUE,August,
3154,Tressie,Hettinger,Port Ebonybury,Christmas Island,Abdiel.Gaylord@yahoo.com,TRUE,August,
6626,Jadon,Blanda,East Karolann,Egypt,Pink_Feest@gmail.com,FALSE,August,
5776,Daniela,Cormier,Lake Deven,Jersey,Jerry56@yahoo.com,FALSE,February,
2488,Jasen,Streich,East Daytonhaven,Wallis and Futuna,Eliza_Bogan@hotmail.com,TRUE,February,
2472,Celine,Homenick,North Carlos,Cayman Islands,Milton_Schulist83@yahoo.com,FALSE,September,
9314,Nicole,Parker,McCulloughland,Mauritius,Clinton_Volkman85@hotmail.com,FALSE,September,
2757,Gia,Jacobson,Franeckiside,Marshall Islands,Dortha9@yahoo.com,FALSE,March,
5625,Lia,Schuppe,Peterfurt,Mozambique,Alysson.Robel88@yahoo.com,FALSE,March,
2622,Mya,Bradtke,Rolfsonville,Palau,Delpha26@gmail.com,TRUE,December,
7390,Thelma,Zulauf,Edwardfort,Heard Island and McDonald Islands,Wallace_Hane@gmail.com,TRUE,December,
700,Elliot,Feest,New Marilou,United States Minor Outlying Islands,Arden.Huel@yahoo.com,TRUE,March,
1083,Adalberto,Donnelly,Laurashire,Angola,Evert_Cormier@hotmail.com,FALSE,June,
4450,Haley,Bins,North Astridport,Sweden,Genoveva_Weber80@hotmail.com,FALSE,April,
9138,Mackenzie,Doyle,Wardbury,Cyprus,Brice_Weissnat@yahoo.com,FALSE,August,
9162,Lorna,O'Connell,Port Kiarachester,Mayotte,Germaine_Hagenes42@yahoo.com,TRUE,March,
1243,Dwight,Harber,West Jaden,Trinidad and Tobago,Friedrich9@hotmail.com,FALSE,April,
5667,Ceasar,Goyette,New Vaughn,Libyan Arab Jamahiriya,Chanel.Wyman9@yahoo.com,TRUE,February,
6482,Anne,Fay,Marielleview,Central African Republic,Clyde44@hotmail.com,FALSE,February,
6004,Marlen,Denesik,Ernestinaborough,Japan,Rory_Towne92@hotmail.com,FALSE,February,
4419,Winifred,Kunde,Tyraburgh,Holy See (Vatican City State),Wiley60@hotmail.com,FALSE,October,
1000,Yasmin,Boehm,Lake Celestinestad,Macedonia,Vaughn_Torp20@hotmail.com,FALSE,June,
9093,Madaline,Pouros,West Elfrieda,French Guiana,Chaz.McKenzie4@hotmail.com,FALSE,February,
3999,Nathanael,Langosh,New Eugene,Montenegro,Consuelo.Oberbrunner@hotmail.com,FALSE,February,
4445,Chelsey,Hoppe,Zemlakburgh,United States Minor Outlying Islands,Rahsaan.Prosacco21@yahoo.com,TRUE,July,
1878,Vickie,Johnston,West Trystan,Uganda,Deontae54@yahoo.com,TRUE,March,
5443,Constance,Cremin,Feilton,Equatorial Guinea,Mariana.Kunze4@hotmail.com,TRUE,May,
5281,Tyra,Mann,East Andrew,Gambia,Nathen_Wuckert@gmail.com,FALSE,May,
7419,Antonietta,Kunde,Kuhlmanview,Virgin Islands, British,Marisol.Bogisich@yahoo.com,FALSE,August
8052,King,King,Haagside,Western Sahara,Hank.Bins@gmail.com,TRUE,October,
7883,Rafaela,Lakin,Jodiehaven,Norway,Calista_Blanda@hotmail.com,TRUE,May,
6064,Sheila,Weissnat,South Zachariahberg,San Marino,Tess_Blick89@gmail.com,FALSE,November,
7522,Ezekiel,O'Connell,Swaniawskiport,New Caledonia,Liliana_Fritsch@gmail.com,FALSE,February,
4712,Leonor,DuBuque,Champlinshire,Venezuela,Jaylan80@yahoo.com,FALSE,January,
8951,Hoyt,Howe,Lake Carlos,Gambia,Hazle_Hahn88@yahoo.com,TRUE,June,
2731,Loraine,Wilkinson,West Cedrick,Grenada,Bernie.Wiza@hotmail.com,FALSE,June,
3403,Horacio,Bechtelar,Harrisonborough,Dominican Republic,Shaun.Denesik43@hotmail.com,FALSE,May,
8410,Trevion,Veum,Oberbrunnerland,Moldova,Kaela29@gmail.com,TRUE,July,
7330,Dora,Leuschke,New Jayda,Malawi,Garland.Kihn54@hotmail.com,FALSE,November,
1960,Mercedes,Kutch,East Ryderberg,Antarctica (the territory South of 60 deg S),Dasia36@hotmail.com,FALSE,September,
6385,Jose,Powlowski,Roderickview,Netherlands,Dameon_Powlowski90@hotmail.com,FALSE,August,
3886,Aidan,Veum,New Laurine,Saint Pierre and Miquelon,Thelma_Hahn@yahoo.com,TRUE,November,
8734,Mollie,Orn,Quigleymouth,Zimbabwe,Dejuan25@hotmail.com,FALSE,November,
6021,Major,Lehner,Collierborough,Sierra Leone,Janick_Hauck32@hotmail.com,FALSE,November,
8924,Craig,Sporer,Adamsside,Gambia,Ulices66@gmail.com,TRUE,October,
2877,Erwin,Marks,Richmondshire,Venezuela,Emerald56@hotmail.com,FALSE,May,
5616,Elisha,Douglas,South Americochester,Argentina,Graciela71@yahoo.com,TRUE,August,
2763,Gloria,McGlynn,Nashville,Macao,Javonte.Wiza91@gmail.com,TRUE,January,
3587,Adrienne,Fisher,Wilkinsonland,Turkmenistan,Louie.Fay@hotmail.com,TRUE,April,
8521,Lavada,Lemke,North Alexandra,Lao People's Democratic Republic,Kadin_Connelly@yahoo.com,FALSE,December,
2054,Helmer,Bernier,Lake Jaydaberg,Indonesia,Veda58@hotmail.com,FALSE,May,
8180,Vivian,Mante,Gerholdland,Guadeloupe,Isabell34@yahoo.com,FALSE,February,
4100,Wendell,Lemke,Stoltenbergton,Oman,Milan53@gmail.com,TRUE,December,
5410,Helmer,Emmerich,Lake Edwardoland,Lithuania,Carlotta.Wuckert@hotmail.com,TRUE,January,
4600,Corbin,Kutch,Aubreetown,New Zealand,Camryn_Gerhold75@gmail.com,FALSE,November,
9710,Jesus,Ullrich,South Salmamouth,Paraguay,Torrey_Schaden@gmail.com,TRUE,February,
2655,Antone,Padberg,New Jacynthe,Northern Mariana Islands,Arch50@yahoo.com,FALSE,March,
7523,Martin,Runolfsdottir,Kuhicmouth,Puerto Rico,Rene89@gmail.com,TRUE,December,
31,Dusty,Marvin,Brekkefort,Reunion,Tate.Langworth@yahoo.com,FALSE,June,
2202,Nicolas,Blanda,Gaylordview,Vietnam,Mark.Cremin63@gmail.com,TRUE,February,
4366,Scotty,Pouros,Lake Chadchester,Gambia,Jamir.Botsford94@yahoo.com,TRUE,February,
7309,Abbey,Stoltenberg,Port Elverahaven,Colombia,Genoveva.Anderson@yahoo.com,FALSE,January,
3330,Dewitt,Mueller,New Linniefurt,Western Sahara,Marcella_Jacobi@yahoo.com,TRUE,March,
6540,Lisa,Okuneva,South Bartholomeburgh,Afghanistan,Jessika.Monahan@gmail.com,FALSE,January,
5224,Dakota,Reinger,Wunschtown,Cyprus,Macy_Bednar@gmail.com,FALSE,February,
2777,Blake,Schaden,Marianville,Colombia,Rashad_Gulgowski84@yahoo.com,TRUE,May,
7709,Hassie,Boehm,North Ginoberg,Bahamas,Elmira22@hotmail.com,FALSE,October,
6326,Isabelle,Crona,Stephanshire,Sao Tome and Principe,Aubrey.Schulist@gmail.com,TRUE,March,
4675,Bill,Anderson,Angelburgh,Bouvet Island (Bouvetoya),Toy_Goodwin@gmail.com,TRUE,August,
7121,Enrico,Harris,Hermanview,Croatia,Elinore_Howell@yahoo.com,FALSE,February,
7965,Keegan,Jones,Percybury,Lao People's Democratic Republic,Rod83@hotmail.com,FALSE,August,
2372,Lola,Sipes,Maggioborough,Somalia,Lorenza.Volkman61@hotmail.com,TRUE,April,
4166,Pedro,Mertz,Zandermouth,Puerto Rico,Idell_Runte60@yahoo.com,FALSE,July,
4143,Kirstin,Schumm,East Jimmie,Grenada,Tito_Gulgowski@yahoo.com,FALSE,May,
1741,Hayley,Mann,North Abdullahmouth,Kazakhstan,Margaretta_Kunze@yahoo.com,TRUE,November,
4752,Maynard,Steuber,Gregoryville,Montserrat,Milton.Sauer@hotmail.com,FALSE,December,
6966,Lexus,Lind,West Mireillehaven,Pitcairn Islands,Halie.Johns19@gmail.com,FALSE,August,
4465,Justine,Stehr,Port Adalberto,Tuvalu,Heber.Stokes@hotmail.com,TRUE,September,
3343,Delpha,Greenfelder,McCluremouth,Venezuela,Marcelino_Stokes@yahoo.com,FALSE,October,
8128,Kamryn,Blick,West Darrylmouth,Taiwan,Darrion46@yahoo.com,FALSE,January,
1730,Cleveland,Osinski,Romagueraton,Holy See (Vatican City State),Art_Witting@hotmail.com,TRUE,February,
2136,Garret,Hintz,Geraldberg,San Marino,Madisen33@hotmail.com,TRUE,November,
1602,Coby,Bauch,Predovicshire,Malawi,Shea11@gmail.com,FALSE,May,
6938,Effie,McKenzie,Sabrynaside,Sweden,Giovanni_Rosenbaum77@gmail.com,FALSE,February,
6384,Clyde,McLaughlin,West Zaria,Zambia,Lea.Breitenberg34@hotmail.com,TRUE,July,
3605,Skye,DuBuque,Goodwinview,Bangladesh,Jamil.Nader@hotmail.com,FALSE,February,
3217,Desmond,Shields,Hoppeberg,Saint Lucia,Christa_Mosciski95@yahoo.com,TRUE,June,
3658,Timmothy,Witting,Andersonland,Ukraine,Rico_Morar69@hotmail.com,TRUE,July,
728,Kirsten,Mertz,Lake Katharina,Guinea-Bissau,Justine56@hotmail.com,TRUE,February,
9169,Raphaelle,Torp,Brandonfurt,Kyrgyz Republic,Hans_Goodwin@hotmail.com,FALSE,March,
8601,Justyn,Beer,Trantowtown,Slovenia,Shemar_OHara@yahoo.com,FALSE,March,
5659,Marcellus,Zemlak,Stanfordton,Indonesia,Lou_Johns@yahoo.com,TRUE,May,
286,Mercedes,Hoppe,New Alexisburgh,Australia,Jakayla.Rosenbaum85@hotmail.com,FALSE,November,
5465,Austin,Kutch,Leoraborough,Gambia,Rudy21@hotmail.com,FALSE,May,
8272,Pearline,Watsica,Christyborough,Svalbard & Jan Mayen Islands,Santos.Schiller@gmail.com,TRUE,November,
4560,Joey,Rice,North Angie,Faroe Islands,Bridget52@gmail.com,FALSE,February,
6428,Thaddeus,Willms,Walkertown,Malta,Roy_Donnelly60@hotmail.com,FALSE,January,
1171,Lloyd,Kub,Rennerside,Mongolia,Zoie_Prosacco@yahoo.com,FALSE,February,
840,Marques,Swift,West Myrtie,Cape Verde,Carlo_Heathcote81@yahoo.com,FALSE,July,
7071,Retha,Champlin,New Arlieberg,Malawi,Harrison_Stroman@gmail.com,TRUE,November,
5809,Una,Treutel,Port Keshawnfurt,Congo,Coleman.Koch98@gmail.com,TRUE,September,
4440,Kelley,West,West Kyliemouth,Peru,Karlee.Thiel@hotmail.com,TRUE,September,
4262,Ben,Weissnat,South Britneyton,Mexico,Destin_Mosciski58@gmail.com,TRUE,January,
7318,Ima,Kessler,North Milan,Burkina Faso,Morris.Crooks@hotmail.com,TRUE,August,
2105,Maymie,Windler,West Vestabury,Nicaragua,Tierra_Lynch22@gmail.com,FALSE,August,
74,Kathryne,Bins,East Lexi,Burkina Faso,Rosalinda.Kirlin@gmail.com,FALSE,December,
8405,Madonna,Dare,Lake Alessandra,Northern Mariana Islands,Jermey_Prosacco@yahoo.com,TRUE,June,
7395,Laura,Prosacco,South Arelybury,Slovenia,Delia_Champlin46@gmail.com,FALSE,February,
5172,Elisabeth,Nienow,Friesenville,Liberia,Magali_Batz@hotmail.com,FALSE,April,
3114,Weldon,Stracke,Lake Lavernaburgh,Djibouti,Ariane.Graham41@yahoo.com,FALSE,September,
7963,Emerald,Bayer,Lake Bridgette,Belize,Hardy.Abernathy39@gmail.com,TRUE,October,
571,Allene,Fritsch,Port Millerchester,India,Al_Parisian@gmail.com,FALSE,June,
9609,Mable,Weimann,Dibbertbury,Iran,Judson97@yahoo.com,FALSE,September,
3821,Shea,Turcotte,Cummeratafort,Philippines,Hosea91@yahoo.com,FALSE,December,
9039,Hailey,Ritchie,North Broderickport,Pakistan,Rory.Fay@hotmail.com,TRUE,June,
6981,Tom,Abshire,West Erica,Cameroon,Dillan.Gorczany79@yahoo.com,FALSE,June,
2169,Eliane,Deckow,Port Brigitte,Israel,Halle.Haley@hotmail.com,TRUE,August,
1176,Rylee,Marvin,South Sandy,Vanuatu,Vincenza_Stracke@gmail.com,TRUE,November,
788,Dennis,Dooley,Demondview,India,Scottie_Stark37@gmail.com,TRUE,August,
8142,Jerrold,Feest,South Brendanstad,Romania,Annabelle35@yahoo.com,TRUE,October,
5142,Clara,Raynor,Lake Hailiestad,Lesotho,Ethel61@hotmail.com,TRUE,November,
8158,Misty,Lynch,New Alveraville,Ghana,Brian_Olson@yahoo.com,FALSE,December,
2303,Hazle,Trantow,Isaiton,Zambia,Lance_Bergnaum@hotmail.com,TRUE,September,
5859,Erling,Nienow,Ericborough,Belgium,Veda41@hotmail.com,FALSE,May,
3961,Cristian,Cormier,Ryanville,Mexico,Shea.Boyle@gmail.com,TRUE,December,
1564,Luigi,Reichel,Ernestohaven,Isle of Man,Brad.Leuschke@hotmail.com,TRUE,June,
1224,Leonardo,Hermiston,Dimitriborough,Italy,Brisa_Sauer@hotmail.com,TRUE,April,
9701,Zechariah,Buckridge,Loraburgh,France,Amelia_Kohler50@hotmail.com,TRUE,August,
3043,Chaz,Huel,Port Dawn,Czech Republic,Irving45@gmail.com,FALSE,August,
694,Eloisa,Tillman,Port Nedborough,Canada,Cassandra95@hotmail.com,FALSE,March,
6799,Jedediah,Carroll,Cristopherhaven,Iceland,Rudy14@hotmail.com,FALSE,November,
166,Irving,Huels,East Ahmadburgh,Sierra Leone,Shannon96@yahoo.com,TRUE,January,
1531,Darien,Tillman,North Chandlerfurt,Saint Lucia,Amos_Aufderhar@yahoo.com,FALSE,December,
9738,Isom,Kiehn,Lednerbury,Kyrgyz Republic,Henri.Gibson@yahoo.com,TRUE,August,
7665,Tobin,Torp,New Rolandoview,Armenia,Carey_Erdman@hotmail.com,TRUE,August,
929,Arthur,Mertz,North Opalborough,Marshall Islands,Ardella99@yahoo.com,FALSE,November,
5816,Elvera,Ledner,West Concepcion,Palestinian Territory,Lew_Cruickshank@hotmail.com,FALSE,September,
7741,Maiya,Hermann,Alyciaview,Gambia,Judd.Bartoletti@yahoo.com,TRUE,April,
4304,Charlotte,Rogahn,North Zander,Honduras,Arch_Smitham@hotmail.com,TRUE,September,
8251,Kathlyn,Ferry,Bobbyville,Panama,Elisa.Barton@gmail.com,FALSE,January,
5522,Raleigh,Keeling,North Brielle,Bhutan,Hans.Johns66@yahoo.com,TRUE,May,
2621,Emilio,Batz,Lake Halieburgh,Georgia,Wiley_Hilll@gmail.com,TRUE,April,
9924,Clovis,Conroy,Hermistonshire,Faroe Islands,Danyka.Welch@hotmail.com,FALSE,October,
0,Tamia,Hilpert,West Leoland,Cook Islands,Barton39@yahoo.com,TRUE,June,
610,Paxton,Dietrich,Lake Jayce,South Georgia and the South Sandwich Islands,Kellie.Sipes50@hotmail.com,FALSE,July,
5706,Demetrius,Connelly,Kertzmannbury,Montserrat,Cyril.Roberts2@hotmail.com,FALSE,July,
5288,Aryanna,Willms,Feeneyshire,Sudan,Roxane63@gmail.com,FALSE,June,
8031,Imogene,Wolf,Heathcoteton,Saint Lucia,Johnathan10@yahoo.com,TRUE,January,
1244,Marcus,Cole,Nikkiport,Lesotho,Francesca_Stokes@gmail.com,FALSE,January,
2864,Nedra,Reilly,Penelopeburgh,Singapore,Augustus_Heaney@gmail.com,TRUE,April,
2013,Neha,Erdman,South Adolphusstad,Paraguay,Verner.Feeney@gmail.com,FALSE,April,
5742,Glennie,Dickinson,East Giuseppechester,Colombia,Wade.Mitchell35@yahoo.com,TRUE,October,
9527,Geovany,Rosenbaum,West Luthertown,Colombia,Rocio53@gmail.com,TRUE,June,
7569,Osborne,Mayert,McGlynnstad,Denmark,Myron.Luettgen81@gmail.com,TRUE,February,
2417,Tabitha,Reinger,South Kenyonfurt,Angola,Lydia32@gmail.com,FALSE,October,
7787,Edmond,Donnelly,Hesterburgh,Tunisia,Buster_Von@yahoo.com,FALSE,September,
7459,Xander,West,Lake Melody,New Zealand,Arne26@yahoo.com,TRUE,September,
6867,Kody,Wunsch,Nonafort,Hong Kong,Emilia58@yahoo.com,TRUE,October,
8363,Mae,Bergstrom,Raeside,Djibouti,Haylee.Auer@yahoo.com,FALSE,November,
5874,Berenice,Heller,Lake Mason,South Africa,Quentin89@yahoo.com,FALSE,December,
5278,Wilhelmine,O'Kon,South Wayneside,Israel,Jarvis64@hotmail.com,FALSE,January,
9084,Carmen,Nienow,Lake Joanaberg,Estonia,Stanford52@hotmail.com,TRUE,January,
4327,Maximillia,Homenick,Alejandrinberg,Martinique,Alexie_Auer@yahoo.com,TRUE,November,
4967,Ryley,MacGyver,Port Edythstad,Morocco,Beth_Wisozk@gmail.com,TRUE,October,
4265,Keely,Labadie,Pfeffermouth,Gabon,Helmer_Kutch92@gmail.com,TRUE,February,
4388,Marjorie,Nikolaus,Jakubowskiland,Hungary,Dwight77@yahoo.com,FALSE,December,
8968,Tavares,Shields,East Ashleeburgh,Venezuela,Cloyd_Durgan@hotmail.com,FALSE,March,
2112,Makenzie,Kub,Malliestad,Belarus,Aniya91@hotmail.com,FALSE,September,
8050,Winfield,McClure,Port Braxton,Holy See (Vatican City State),Hardy_Bergnaum@hotmail.com,FALSE,December,
7356,Domenica,Schmeler,Lebsackmouth,Ecuador,Domingo_Gulgowski80@gmail.com,TRUE,November,
5604,Kendra,Koepp,Langchester,Guinea-Bissau,Mac_Balistreri@gmail.com,TRUE,December,
2463,Pink,Welch,Wymanborough,South Georgia and the South Sandwich Islands,Leopold_Skiles24@gmail.com,TRUE,November,
4208,Evelyn,Williamson,Maximillianborough,Pitcairn Islands,Blaise_Ebert89@yahoo.com,FALSE,October,
2495,Adrian,Kutch,North Dana,Canada,Janie.Wilderman39@yahoo.com,TRUE,April,
3574,Hilton,Ullrich,Sawaynville,Syrian Arab Republic,Philip86@gmail.com,TRUE,January,
2609,Enos,Sporer,Kleinfurt,Estonia,Alvena_Wunsch@gmail.com,FALSE,January,
313,Kelvin,Ward,North Luther,Mauritius,Raven86@hotmail.com,TRUE,June,
6830,Khalid,Conroy,Morissetteborough,Serbia,Eldridge_Adams33@gmail.com,TRUE,September,
7064,Abagail,Reichel,East Rolandoside,Hungary,Tara.Kreiger@gmail.com,TRUE,September,
5616,Selina,Gulgowski,Shanyborough,Norway,Marielle82@gmail.com,TRUE,March,
2190,Tyree,Kris,Port Furmanchester,Macedonia,Jaeden93@yahoo.com,TRUE,July,
9380,Matteo,Stoltenberg,East Osvaldo,Saint Martin,Brown92@yahoo.com,TRUE,June,
4002,Kendra,Mertz,Toniville,Saint Helena,Marshall.Torphy1@yahoo.com,FALSE,June,
2854,Russell,Runolfsdottir,Hodkiewiczport,Saint Pierre and Miquelon,Krista15@yahoo.com,TRUE,December,
4345,Ellen,Fay,Lake Lisaport,Indonesia,Adelia_Lynch87@hotmail.com,FALSE,July,
1476,Nayeli,Monahan,Port Max,Burkina Faso,Lorine_Schamberger88@gmail.com,FALSE,January,
6517,Ulises,Greenholt,Feestland,Niue,Jerad_Hegmann@hotmail.com,FALSE,April,
3943,Laron,Jenkins,Freemanville,Canada,Audreanne_Eichmann67@hotmail.com,TRUE,January,
3260,Hector,Cruickshank,Lake Marshallview,Argentina,Rafaela76@yahoo.com,TRUE,July,
1363,Dale,Mills,New Leonoraville,Sierra Leone,Aniya.Torphy@gmail.com,FALSE,December,
1590,Kamron,Fritsch,Lake Brielle,Somalia,Reyes.Nienow82@yahoo.com,FALSE,February,
2575,Sophia,Hermiston,Heathcotefurt,Japan,Sincere_Bednar@yahoo.com,TRUE,June,
8670,Percival,Tremblay,New Lazaro,Slovakia (Slovak Republic),Susan.Cartwright@gmail.com,FALSE,June,
6971,Chad,Schimmel,Coraview,New Zealand,Dave55@yahoo.com,TRUE,July,
9194,Hector,Brakus,Adamsport,Cameroon,Stacey.Waelchi@yahoo.com,TRUE,June,
4365,Roslyn,Ankunding,Laynemouth,Mauritania,Nigel_Gulgowski69@hotmail.com,FALSE,October,
1283,Darrell,Casper,West Mona,Bhutan,Arnulfo75@gmail.com,TRUE,August,
8011,Clarissa,Wehner,Lake Katharina,Anguilla,Petra_Harber@yahoo.com,FALSE,November,
2890,Hyman,Kunze,Whitestad,Jamaica,Eileen.Glover@yahoo.com,TRUE,May,
8833,Queen,Herman,Handton,Madagascar,Dixie.Littel@yahoo.com,TRUE,December,
6385,Willow,Miller,North Tavaresside,Haiti,Camille.Witting@yahoo.com,FALSE,January,
2860,Sallie,Ernser,Trevorbury,Guatemala,Jewell_Goyette@hotmail.com,TRUE,July,
1102,Terrell,Upton,New Monteside,Nicaragua,Everardo37@hotmail.com,FALSE,April,
8611,Jena,Little,Smithchester,Bolivia,Tremaine.Raynor3@yahoo.com,FALSE,January,
6816,Kevon,Cummings,North Sincere,India,Orin_Marvin@yahoo.com,FALSE,July,
4465,Donnell,Rowe,Port Martyview,Philippines,Mona.Kertzmann@gmail.com,TRUE,September,
2970,Mike,Willms,East Gaetano,Eritrea,Magdalena_Jacobson@yahoo.com,TRUE,January,
4527,Chance,Hauck,East Antoniettaberg,United Kingdom,Lavonne57@gmail.com,FALSE,January,
7247,Leon,Cartwright,Kuvalisfort,Turkmenistan,Helena.Lindgren@hotmail.com,TRUE,March,
3521,Molly,Conn,Port Ines,Pakistan,Ken_Mann@hotmail.com,TRUE,February,
2193,Faye,Nicolas,East Traceland,Slovenia,Laney_Hills@hotmail.com,FALSE,February,
136,Jordan,Wisozk,West Wellingtonhaven,Bahamas,Jovan_Brakus32@gmail.com,TRUE,February,
4112,Demarco,Hansen,West Shyanne,Australia,Savannah.Christiansen34@hotmail.com,TRUE,November,
7629,Pasquale,Schroeder,North Marcelleside,Macedonia,Gianni_Goldner22@yahoo.com,TRUE,May,
4490,Aurelio,Hermann,Sheridanhaven,Afghanistan,Jordan.Weissnat59@hotmail.com,TRUE,October,
1298,Pedro,Watsica,East Brianborough,Honduras,Brooklyn70@hotmail.com,TRUE,October,
458,Gabriella,Baumbach,Homenickside,Armenia,Tyrel_Abshire4@yahoo.com,TRUE,September,
468,Shannon,Schmeler,North Jenaland,Angola,Earl26@yahoo.com,TRUE,September,
7903,Reyes,Okuneva,East Alvera,Greenland,Abigayle.Cole2@hotmail.com,FALSE,November,
363,Santina,Bins,Port Jacques,Tokelau,Barbara52@gmail.com,TRUE,January,
1062,Aurelie,King,Bahringerview,Russian Federation,Vella51@hotmail.com,TRUE,November,
6642,Augustus,Kautzer,South Tomasport,Zambia,Adalberto.Collins@gmail.com,TRUE,September,
7279,Hayley,Stoltenberg,Kuhnport,Panama,Josh47@gmail.com,TRUE,December,
8762,Kristian,Miller,Gradymouth,Antarctica (the territory South of 60 deg S),Reanna79@yahoo.com,FALSE,April,
3094,Mireya,Stiedemann,Macieview,Cuba,Reina_Cummings@hotmail.com,TRUE,May,
8200,Cathryn,Borer,East Shanatown,Guyana,Shaina28@yahoo.com,FALSE,June,
8845,Arlie,O'Reilly,South Deborah,Fiji,Elvie_McGlynn@hotmail.com,TRUE,December,
202,Leora,Fay,Lake Juliechester,Tanzania,Sigrid65@hotmail.com,TRUE,November,
5502,Dawn,Sauer,Faymouth,Maldives,Chance.Huel74@hotmail.com,TRUE,July,
6081,Elza,Waelchi,Nobleburgh,Mozambique,Karolann.Considine@gmail.com,FALSE,September,
97,Forrest,Kassulke,Jerroldbury,Serbia,Cedrick33@gmail.com,TRUE,October,
4927,Madilyn,Roberts,West Wilfridborough,Tokelau,Estevan_Batz@hotmail.com,FALSE,May,
4064,Ottilie,Mante,Ameliaton,Macedonia,Tiffany.Waters@gmail.com,FALSE,November,
5778,Zachary,D'Amore,Feeneymouth,Eritrea,Toby83@yahoo.com,TRUE,April,
8555,Larry,Wuckert,East Tessieland,Virgin Islands, U.S.,Meagan.Ferry@yahoo.com,FALSE,May
8288,Buford,Nader,Freddiemouth,Haiti,Jerald.Pollich64@yahoo.com,TRUE,August,
6145,Christine,Zboncak,Harberstad,Niger,Marta.Renner21@hotmail.com,FALSE,August,
5448,Emie,Sanford,West Enolaside,Algeria,Casimer_Kautzer34@hotmail.com,TRUE,June,
2490,Dan,Towne,Jacynthechester,Western Sahara,Bonnie_Collier70@hotmail.com,FALSE,September,
8232,Domingo,Lind,East Saulfort,Malawi,Everett_Barrows@yahoo.com,FALSE,August,
3049,Kaden,Kub,Lake Audra,French Southern Territories,Monserrat23@gmail.com,TRUE,June,
2944,Yesenia,Mitchell,East Otis,Croatia,Golden.Willms@hotmail.com,FALSE,December,
3698,Ernestine,Satterfield,Meganehaven,Japan,Paxton.Herman79@gmail.com,FALSE,November,
9466,Valentin,Sipes,Port Marcelo,Togo,Alexandrine.Waelchi@hotmail.com,FALSE,June,
626,Brigitte,Stark,Alannaport,Bolivia,Bernie76@gmail.com,TRUE,October,
8674,Lempi,Schneider,East Loriton,Bangladesh,Evert.Murphy92@hotmail.com,TRUE,December,
9873,Jordon,Hegmann,East Dayton,Germany,Catalina59@hotmail.com,FALSE,January,
2925,Austen,Casper,East Vivianne,Solomon Islands,Mortimer.Balistreri@hotmail.com,FALSE,January,
8807,Maye,Bahringer,North Pedroport,French Guiana,Billy.Langosh@hotmail.com,FALSE,December,
102,Bertrand,White,South Margueriteview,Rwanda,Nick_Turcotte8@gmail.com,FALSE,January,
9567,Hosea,Wintheiser,West Alexander,Solomon Islands,Matilde_Schmeler76@gmail.com,FALSE,March,
4229,Diamond,Torphy,Deltafort,Panama,Jada_Dooley83@gmail.com,FALSE,September,
9226,Guadalupe,Brown,Merrittburgh,Mongolia,Adrain39@yahoo.com,FALSE,September,
2402,Kasey,Becker,South Matteo,Kyrgyz Republic,Adriel.Simonis@gmail.com,TRUE,September,
2365,Elyssa,Heaney,South Emerald,Venezuela,Angelica29@gmail.com,FALSE,May,
1128,Madisen,Mraz,Aileenmouth,Aruba,Mack_Bednar@yahoo.com,TRUE,August,
9084,Braxton,Murray,South Scarlettshire,Syrian Arab Republic,Ada93@hotmail.com,TRUE,April,
7018,Cleo,Balistreri,East Kayleeside,Mexico,Nadia.MacGyver@yahoo.com,TRUE,July,
3643,Logan,Padberg,West Reynahaven,Spain,Adela_Cole31@hotmail.com,TRUE,May,
1337,Hertha,Gutmann,Criststad,Portugal,Madison.Barrows18@yahoo.com,FALSE,January,
3404,Mina,Metz,Keshawnmouth,Senegal,Cary_Turcotte@yahoo.com,FALSE,June,
3854,Adalberto,Walter,East Hope,Svalbard & Jan Mayen Islands,Prudence91@hotmail.com,FALSE,December,
3163,Lily,Kuhic,New Willis,Azerbaijan,Joshuah.Greenfelder28@gmail.com,TRUE,March,
470,Sammie,Sauer,Boylefurt,Kazakhstan,Roderick.Jones@gmail.com,FALSE,May,
4862,Deanna,Ruecker,South Sydney,Brazil,Grover.Rau@yahoo.com,FALSE,November,
1888,Joey,Doyle,Lake Annahaven,Aruba,Abagail_Feest51@hotmail.com,TRUE,June,
8186,Reece,Pfeffer,East Karastad,Philippines,Kiarra3@hotmail.com,FALSE,June,
6307,Raquel,Brakus,Nitzschestad,Gambia,Shania11@yahoo.com,TRUE,November,
2796,Walton,Schumm,Emardstad,Angola,Tess77@hotmail.com,FALSE,December,
755,Clotilde,Heidenreich,South Donchester,Russian Federation,Kiley_Gleichner@gmail.com,TRUE,February,
6631,Richie,Jast,South Ena,Saint Kitts and Nevis,Nellie.Mueller31@gmail.com,TRUE,May,
392,Jalyn,Lockman,North Kennachester,Christmas Island,Kiarra.Beer@gmail.com,TRUE,December,
8000,Fernando,Rempel,Lake Santaview,Sweden,Maureen.Hermiston93@gmail.com,TRUE,February,
8434,Josh,Kub,West Antonetta,Aruba,Julianne_Hegmann96@yahoo.com,TRUE,May,
8164,Jana,Kreiger,West Sterling,Cote d'Ivoire,Pamela15@gmail.com,FALSE,June,
4165,Alayna,Friesen,North Ellie,Kazakhstan,Kathryn49@hotmail.com,TRUE,September,
1831,Fermin,Hauck,Hesselfort,Bermuda,Bryon.Gislason33@hotmail.com,TRUE,February,
3566,Federico,Goldner,West Evertburgh,Guadeloupe,Elmore43@gmail.com,FALSE,April,
989,Whitney,Heller,Estelleburgh,Kyrgyz Republic,Tevin.Dickinson@yahoo.com,FALSE,September,
3656,Newell,Shanahan,North Sasha,Hong Kong,Giles_Littel78@hotmail.com,FALSE,July,
8233,Tyra,Feeney,Johnsonmouth,Morocco,Chaz.McGlynn43@hotmail.com,FALSE,December,
2941,Luis,Mueller,Baumbachburgh,Western Sahara,Janice23@hotmail.com,TRUE,April,
9036,Marley,Pfannerstill,East Maia,Australia,Neil_Reichert@gmail.com,TRUE,March,
3934,Nedra,Wolf,Koelpinfurt,Czech Republic,Tanner_Bartoletti24@hotmail.com,FALSE,September,
9061,Emelia,Stoltenberg,Lake Lexieside,Saint Kitts and Nevis,May_Volkman81@gmail.com,TRUE,May,
1132,Hester,Runte,Lake Americo,Venezuela,Delilah94@hotmail.com,FALSE,October,
4466,Sonny,Thompson,East Aylin,Iceland,Horace14@gmail.com,TRUE,May,
1495,Reagan,Spencer,Lake Mia,Haiti,Torey47@yahoo.com,TRUE,June,
1950,Henri,Mitchell,New Hillary,Portugal,Trinity_Kiehn@yahoo.com,FALSE,August,
7030,Aubree,Brakus,Port Kevonmouth,Tanzania,Jacey3@yahoo.com,FALSE,January,
1503,Odell,Jones,Reichertfort,Bhutan,Chet79@hotmail.com,TRUE,January,
9105,Kareem,Bosco,Hermistonport,Equatorial Guinea,Natalia.Beer32@hotmail.com,TRUE,August,
2195,Magnolia,Hane,East Nakia,Western Sahara,Ara_Kerluke@yahoo.com,TRUE,April,
7165,Tracey,Aufderhar,East Floyd,Palestinian Territory,Devonte_Weber40@hotmail.com,TRUE,August,
9962,Maddison,Murphy,Autumnville,Czech Republic,Isabel.Beatty@gmail.com,FALSE,September,
8186,Roberto,Abshire,Port Eloy,South Georgia and the South Sandwich Islands,Remington76@gmail.com,FALSE,August,
8166,Charles,Jones,Anastaciofurt,Samoa,Griffin_Jenkins21@yahoo.com,FALSE,October,
9231,Kraig,Zulauf,Otiliaton,France,Virginie_Erdman@yahoo.com,TRUE,June,
2797,Leif,Schuster,New Lisetteberg,Iran,Rollin_Leffler@yahoo.com,FALSE,September,
506,Kieran,Zemlak,South Brody,Guernsey,Lesley.Crona77@yahoo.com,FALSE,November,
4075,Ila,Moen,Joycetown,Malawi,Cristopher_Lubowitz@gmail.com,TRUE,October,
3951,Mohammed,O'Kon,Autumnland,Malta,Janie56@yahoo.com,FALSE,January,
9356,Bernice,Champlin,Hermannchester,Philippines,Walter_Runolfsdottir@hotmail.com,TRUE,September,
2038,Maribel,Towne,Gloverfort,Guernsey,Jorge_Klein@gmail.com,FALSE,July,
8150,Damion,Greenholt,Murphymouth,Solomon Islands,Rylee.Bins@yahoo.com,TRUE,March,
4916,Krystal,Goyette,South Chadd,Saint Kitts and Nevis,Seth10@yahoo.com,FALSE,November,
835,Lon,Orn,Rogahnport,Macedonia,Vincenzo_Sawayn75@gmail.com,FALSE,April,
3591,Milo,Schmeler,New Anselville,Kenya,Neal_Metz45@yahoo.com,FALSE,September,
1217,Ebba,Durgan,New Jammiehaven,Central African Republic,Emelie_Metz8@gmail.com,FALSE,August,
6519,Lina,Abernathy,North Torreymouth,Oman,Arianna53@yahoo.com,TRUE,September,
7704,Gabe,Upton,Judeberg,Cook Islands,Danyka_Schinner55@gmail.com,FALSE,April,
5377,Adrien,Pouros,Lake Rosalindachester,Saint Vincent and the Grenadines,Layla.Dicki@hotmail.com,TRUE,November,
4255,Lisa,Schoen,Rohanmouth,Vietnam,Andreanne_Ziemann52@hotmail.com,TRUE,February,
8807,Carmen,Towne,Breitenbergville,Hong Kong,Marques30@gmail.com,FALSE,July,
7104,Vance,Satterfield,Robertsview,Kiribati,Earnestine.Aufderhar@gmail.com,TRUE,January,
9498,Kobe,Runolfsdottir,Uniquestad,Italy,Myra.Champlin@hotmail.com,FALSE,June,
1186,Hilma,Sauer,Douglasfurt,India,Sylvia91@gmail.com,FALSE,August,
3492,Ava,Keebler,Nikolausfurt,Dominica,Nikko_Jerde@yahoo.com,TRUE,February,
6153,Demarcus,Donnelly,South Kennedymouth,El Salvador,Mireya_Reilly70@gmail.com,FALSE,May,
9080,Haylie,Dickens,Gislasonville,Niger,Delfina31@gmail.com,FALSE,January,
1192,Kian,Greenholt,Annettabury,Cameroon,Julio.Robel@yahoo.com,FALSE,January,
5854,Efren,Lebsack,West Issacshire,Anguilla,Virgil66@yahoo.com,FALSE,May,
8042,John,Dickinson,Kathryneborough,Samoa,Joy_Miller61@yahoo.com,TRUE,August,
6384,Lydia,Wisozk,Brooksport,Iceland,Genoveva70@hotmail.com,TRUE,January,
3697,Miguel,Abbott,East Anais,Mauritius,Greta72@yahoo.com,TRUE,March,
1856,Ernie,Crona,East Abbie,Norway,Thad_Larkin@yahoo.com,TRUE,November,
8040,Nikki,Prosacco,Orrinview,Cuba,Griffin_Murazik19@hotmail.com,TRUE,April,
8910,Boris,Kunde,West Virginia,Faroe Islands,Ardella_Considine@yahoo.com,FALSE,March,
8232,Kaela,Ryan,Veumbury,Saudi Arabia,Sharon_Ratke35@gmail.com,FALSE,March,
5260,Herman,Stokes,Shawnland,Netherlands Antilles,Cornell_Turcotte38@hotmail.com,FALSE,June,
4059,Dedrick,Bayer,Tevinport,Grenada,Keira84@hotmail.com,TRUE,April,
5603,Margot,Walter,Adrianashire,Malaysia,Davonte13@hotmail.com,FALSE,December,
4200,Ross,Rohan,North Dewitt,Papua New Guinea,Margarita_Deckow70@hotmail.com,TRUE,December,
150,Ayla,Greenholt,Sauerberg,Belgium,Royal_Gaylord31@yahoo.com,TRUE,October,
1468,Krystel,Maggio,East Rivermouth,Slovenia,Bobbie.Hoppe@hotmail.com,FALSE,May,
8968,Colby,Smitham,North Borisberg,Mozambique,Sadie_Haag38@gmail.com,TRUE,March,
3567,Dianna,Breitenberg,Martybury,Tajikistan,Lazaro_Balistreri@hotmail.com,FALSE,November,
8886,Callie,Will,Hegmannchester,Haiti,Dave.Champlin97@gmail.com,FALSE,September,
9137,Percival,Johns,Bryonbury,Zimbabwe,Jaeden.Kreiger33@hotmail.com,FALSE,May,
4886,Raquel,Schultz,West Hanna,Somalia,Forest71@gmail.com,FALSE,November,
5408,Mark,Rowe,Anyafort,Marshall Islands,Janet50@hotmail.com,FALSE,July,
5929,Ozella,Ziemann,Lake Terry,Russian Federation,Drake_Ziemann@gmail.com,TRUE,April,
7118,Donnie,Bauch,Marksmouth,Iceland,Joel24@hotmail.com,TRUE,September,
7204,Warren,Gutkowski,South Abbigailbury,Macao,Ardella99@gmail.com,TRUE,July,
521,Ara,Herzog,Cruickshankbury,Singapore,Christy46@yahoo.com,FALSE,August,
5260,Madisen,Veum,Jaredburgh,Lithuania,Myles10@yahoo.com,TRUE,October,
7466,Eusebio,Daniel,Schaefermouth,Haiti,Amy_Hirthe48@hotmail.com,TRUE,February,
9401,Macy,Hirthe,North Clifton,Ethiopia,Angie54@yahoo.com,FALSE,May,
5021,Garrett,Kshlerin,New Octaviatown,Papua New Guinea,Carleton_Haley92@gmail.com,FALSE,July,
5031,Mariam,Yost,Cielostad,Poland,Jazmin_Roberts@hotmail.com,TRUE,February,
4577,Ursula,Sauer,West Hailieberg,Myanmar,Llewellyn_Hettinger70@gmail.com,FALSE,July,
3174,Amalia,Haag,New Madyson,Democratic People's Republic of Korea,Frederic25@hotmail.com,FALSE,March,
4494,Anastasia,Crist,Jonland,South Georgia and the South Sandwich Islands,Allison_Kemmer@yahoo.com,TRUE,May,
4794,Geovanny,Ritchie,West Clementina,Iceland,Brannon2@hotmail.com,FALSE,November,
4487,Daren,Balistreri,West Christianchester,Madagascar,Allison_Doyle66@gmail.com,FALSE,July,
9944,Geovanni,Hoeger,Armstrongburgh,Democratic People's Republic of Korea,Arch58@hotmail.com,TRUE,October,
9620,Kianna,Sanford,South Brookeside,Slovenia,Dejah.Abshire9@hotmail.com,FALSE,March,
2385,Randy,Zboncak,Nienowbury,Morocco,Garland36@gmail.com,TRUE,January,
2920,Alexis,Mann,Port Ward,Sao Tome and Principe,Ashlee48@hotmail.com,FALSE,February,
5731,Eleonore,Kuhn,Lake Ulices,Grenada,Kamille_Rau@yahoo.com,FALSE,January,
5744,Ernie,Larkin,Port Nikolashaven,Albania,May_Bartell64@gmail.com,TRUE,April,
9706,Jacques,Funk,Chaseside,Montserrat,Christop.Schumm@gmail.com,TRUE,September,
7869,Fletcher,Eichmann,Port Marcelside,Western Sahara,Alverta.Sporer54@gmail.com,FALSE,December,
3645,Sammie,Fahey,West Daniellamouth,Norfolk Island,Columbus4@yahoo.com,FALSE,June,
4197,Ettie,Lehner,West Jarred,Dominica,Beulah.Considine42@gmail.com,FALSE,January,
8832,Sherwood,Ernser,Royalshire,Japan,Vance.Beatty76@yahoo.com,FALSE,December,
8382,Lucinda,Hodkiewicz,Port Ludie,Tonga,Krystel12@hotmail.com,FALSE,June,
94,Josie,Effertz,South Madiechester,Brunei Darussalam,Amy.Okuneva@gmail.com,FALSE,October,
9375,Lowell,Smitham,Lake Maia,Armenia,Johnpaul36@gmail.com,TRUE,October,
9744,Eula,Russel,Laurynberg,Montserrat,Jordyn37@hotmail.com,FALSE,August,
5177,Verlie,Schaden,Feilborough,Malta,Alexandre.Cremin@gmail.com,FALSE,September,
61,Gayle,Farrell,Stammmouth,Zimbabwe,Abdiel.Walker37@hotmail.com,TRUE,February,
9076,Micah,Bashirian,Brownberg,Bosnia and Herzegovina,Raquel58@hotmail.com,FALSE,January,
1966,Jayme,Runolfsdottir,Hamillton,Eritrea,Hilario24@yahoo.com,TRUE,January,
5064,Troy,Jacobi,North Judah,Seychelles,Isabella70@gmail.com,FALSE,November,
3495,Alvis,Goodwin,Schmelerfort,Andorra,Brianne.Heaney62@hotmail.com,FALSE,April,
1220,Walter,Turcotte,North Blakeport,Micronesia,Kyle62@gmail.com,TRUE,June,
7547,Santos,Oberbrunner,Shyannport,Honduras,Mervin.Kassulke4@hotmail.com,FALSE,June,
4489,Paxton,Frami,North Nicolaschester,United Arab Emirates,Brent37@gmail.com,FALSE,May,
7938,Irma,Hickle,Tracyfort,Faroe Islands,Reece87@hotmail.com,FALSE,August,
1191,Darlene,West,Corkeryborough,Bhutan,Pansy_McClure@hotmail.com,FALSE,December,
4229,Taryn,Marvin,North Kiana,Malaysia,Tommie.Morissette98@hotmail.com,FALSE,January,
8339,Renee,Roberts,Lebsackmouth,Tokelau,Karianne76@hotmail.com,FALSE,June,
1133,Missouri,Kub,Lake Jordane,Tanzania,Austyn89@hotmail.com,TRUE,February,
8461,Randi,Weissnat,Jontown,Myanmar,Margie21@gmail.com,TRUE,January,
3873,Raphaelle,Morar,Winonaburgh,Brunei Darussalam,Chanel_Rosenbaum@yahoo.com,TRUE,June,
262,Valentin,Sipes,Peytonfurt,French Guiana,Keith.Watsica17@gmail.com,FALSE,September,
3221,Cecile,Effertz,Destineefort,Netherlands Antilles,Jamil_Dickinson33@yahoo.com,TRUE,March,
6421,Cole,Mann,Lake Estevan,Turkey,Marge_Smitham44@yahoo.com,FALSE,November,
4481,Darwin,Funk,West Quentin,Pakistan,Levi_Treutel60@yahoo.com,FALSE,August,
7227,Lucious,Reinger,West Eleonore,American Samoa,Mara.Herman@gmail.com,TRUE,October,
2337,Paige,Legros,North Albina,Egypt,Erick.Hoeger92@hotmail.com,FALSE,January,
2541,Herminia,Murphy,Gulgowskichester,Kazakhstan,Katlynn.Breitenberg@hotmail.com,FALSE,June,
6529,Marie,McGlynn,Prosaccoport,Fiji,Ken_Powlowski@gmail.com,FALSE,September,
5135,Douglas,Roberts,Earnestinefort,Mali,Adolph_Beer19@yahoo.com,FALSE,December,
7461,Quentin,Keebler,New Enrico,Spain,Derrick_Orn@gmail.com,FALSE,July,
5434,Dorothy,Hoeger,East Dellshire,Indonesia,Laury47@gmail.com,TRUE,October,
3443,Rashad,Abshire,Fadelfurt,Thailand,Chaya29@yahoo.com,FALSE,March,
448,Princess,Pacocha,Lake Rocky,Kenya,Vernice37@hotmail.com,TRUE,January,
5224,Doyle,Schumm,Gulgowskiview,Saint Martin,Emile.Harvey85@gmail.com,TRUE,May,
3989,Garrison,Wunsch,Dickistad,Micronesia,Deven51@gmail.com,TRUE,November,
1024,Hillary,Cremin,Edmundtown,Republic of Korea,Eleanora_Metz@hotmail.com,TRUE,December,
5383,Maxwell,Bartell,Tomasatown,Turkmenistan,Sydnee_Keeling@yahoo.com,FALSE,September,
9473,Gideon,Stamm,Lake Clotildemouth,Cote d'Ivoire,Adelle.Price@gmail.com,FALSE,July,
6848,Omari,Corwin,Quigleymouth,Poland,Kathlyn_Leuschke@gmail.com,TRUE,March,
3239,Elise,Lowe,Bartolettifort,Romania,Alverta13@yahoo.com,FALSE,March,
9883,Camryn,Huels,Leolaport,India,Nels_Smitham79@hotmail.com,FALSE,March,
3336,Presley,O'Reilly,Lake Allanview,South Georgia and the South Sandwich Islands,Eda11@hotmail.com,FALSE,June,
8210,Trudie,Goyette,Carleechester,Ukraine,Demetris91@gmail.com,FALSE,August,
7897,Dominic,Kulas,Lilianeside,Lebanon,Precious77@hotmail.com,TRUE,March,
6482,Jovan,Littel,Jessycamouth,United States of America,Sibyl_McDermott@gmail.com,FALSE,June,
8616,Chasity,Waters,Ethelynport,Saint Lucia,Winona1@gmail.com,TRUE,May,
40,Fern,Lebsack,Geraldinetown,Dominica,Garry_OHara16@gmail.com,TRUE,June,
424,Durward,Toy,East Krystel,Jordan,Gunner.Fay@yahoo.com,FALSE,September,
7932,Mitchel,Leffler,North Bailee,Haiti,Gilberto_Medhurst@gmail.com,TRUE,September,
4614,Orlando,Ankunding,Marionville,Tajikistan,Ericka_Padberg59@yahoo.com,TRUE,July,
5910,Travon,Ernser,Nikolausmouth,Malta,Kyla.Kuhn@gmail.com,TRUE,July,
7794,Della,Abshire,Torphaven,Armenia,Pearlie.Volkman22@yahoo.com,TRUE,August,
4316,Gussie,Harvey,South Gardner,Vietnam,Brionna.Kling@gmail.com,TRUE,July,
5092,Nedra,Littel,Gonzaloberg,Comoros,Claudie25@gmail.com,FALSE,August,
5576,Kyla,Osinski,Framiside,Palestinian Territory,Narciso_Johns6@gmail.com,TRUE,January,
6859,Freeman,Rolfson,North Eugene,Vanuatu,Edd.Stamm52@hotmail.com,TRUE,May,
5617,Juston,Kiehn,Sawaynmouth,Czech Republic,Ari.Dach@yahoo.com,TRUE,March,
3325,Richie,Turcotte,Port Corenebury,Belize,Watson_Mayert@gmail.com,FALSE,December,
610,Olga,Wisozk,Johnathonmouth,Saint Kitts and Nevis,Dovie_Kunze@yahoo.com,FALSE,November,
2736,Patience,Baumbach,South Juston,Panama,Jevon1@hotmail.com,FALSE,June,
4979,Michale,Mueller,Grantshire,Grenada,Rudolph_Bahringer@yahoo.com,FALSE,June,
5629,Alvah,Terry,Luciennechester,Guinea,Freddie_Weissnat@yahoo.com,TRUE,May,
7366,Lillian,Hauck,Howeberg,Vietnam,Hector_Thiel@gmail.com,TRUE,April,
3859,Angela,Schuster,Treside,Madagascar,Keshawn61@gmail.com,TRUE,January,
2965,Anais,Muller,Lake Donald,Kuwait,Demarcus_Jakubowski5@yahoo.com,FALSE,January,
8078,Hassan,Von,East Darrionside,Armenia,Sadie.Green96@gmail.com,TRUE,July,
5571,Camila,Gerhold,South Darrion,Vietnam,Maximillian_Goldner39@yahoo.com,TRUE,February,
3235,Frederique,McCullough,Wizamouth,Belarus,Milton_Greenholt4@gmail.com,FALSE,January,
9784,Ahmad,Pacocha,Port Skyla,Solomon Islands,Osborne.Halvorson19@hotmail.com,TRUE,September,
7294,Ross,Jenkins,North Stanview,Democratic People's Republic of Korea,Palma8@gmail.com,FALSE,October,
4084,Pamela,Lynch,Mariaview,Cameroon,Oran69@hotmail.com,FALSE,November,
2189,Pearl,Walsh,Marleyberg,Svalbard & Jan Mayen Islands,Francesca_Baumbach86@gmail.com,FALSE,December,
7210,Edison,Gerlach,Inesburgh,Armenia,Claude_Dibbert@gmail.com,FALSE,March,
2069,Layla,Prosacco,North Quintonbury,Costa Rica,Betsy.Langosh@yahoo.com,TRUE,August,
5342,Mable,Fisher,Lake Ashtyn,Vietnam,Tiffany.Rogahn52@gmail.com,TRUE,January,
1576,Marian,Beatty,West Sincerechester,Costa Rica,Tracey92@yahoo.com,FALSE,March,
8975,Carmela,Gerlach,Port Ryan,Guinea,Rhiannon.Murray@gmail.com,TRUE,March,
4563,Emilio,Runte,North Virgie,Mozambique,Missouri.Reichel@yahoo.com,TRUE,May,
6533,Nick,Price,Port Vicky,Monaco,Rex92@hotmail.com,TRUE,February,
9914,Drake,Anderson,Parkermouth,Brunei Darussalam,Manuel45@gmail.com,FALSE,September,
4229,Otis,Swaniawski,North Asialand,Estonia,Dejuan_DuBuque21@hotmail.com,TRUE,June,
8512,Torrance,Kuphal,Darrinmouth,Algeria,Hallie31@yahoo.com,FALSE,April,
9777,Macy,D'Amore,Lake Patienceland,Myanmar,Arielle_Jakubowski17@yahoo.com,FALSE,November,
2532,Alessia,Hettinger,Jerroldborough,Cayman Islands,Lilyan.Ryan70@hotmail.com,FALSE,October,
83,Alvena,Murazik,Alysafurt,Turkmenistan,Zachary.Witting@gmail.com,TRUE,September,
2966,Karlie,Stracke,New Linda,British Indian Ocean Territory (Chagos Archipelago),Vicky_Boyer@gmail.com,FALSE,September,
2600,Gunnar,Parker,South Colten,Burundi,Ray32@gmail.com,FALSE,September,
5115,Kayden,Kautzer,Rennerhaven,Isle of Man,Sarah76@gmail.com,TRUE,May,
2613,Anna,Cassin,Lake Dorcasside,Hungary,Sarai.Schiller5@hotmail.com,TRUE,March,
3948,Jeanie,Christiansen,South Abnerburgh,Cameroon,Katelynn_Reichel@hotmail.com,FALSE,May,
4700,Floy,Block,Lake Pattie,Liberia,Heber.Mraz@yahoo.com,TRUE,April,
4159,Darrion,Terry,Lake Pipertown,Myanmar,Lauretta75@gmail.com,TRUE,September,
5525,Ceasar,Bogan,Lake Blancastad,Belgium,Waino_Metz12@hotmail.com,FALSE,May,
6267,Catherine,Erdman,New Eulah,Russian Federation,Westley.Rolfson@yahoo.com,FALSE,April,
6886,Alexzander,Schamberger,New Myrnafurt,Dominica,Baby.McDermott@gmail.com,TRUE,August,
6534,Chyna,Cormier,Kuvalisberg,Jersey,Noble20@yahoo.com,TRUE,August,
4820,Giovani,Predovic,Reichertchester,Gabon,Daphne_Collins99@yahoo.com,FALSE,February,
2710,Carmine,Will,East Brady,Cayman Islands,Sydnie5@yahoo.com,TRUE,January,
399,Pat,Braun,Port Christyville,Svalbard & Jan Mayen Islands,Evelyn42@hotmail.com,TRUE,September,
4466,Robin,Nolan,East Ephraimton,Swaziland,Toney_Will94@gmail.com,FALSE,March,
2061,Jay,Keebler,Auerview,Armenia,Reanna79@hotmail.com,FALSE,July,
9532,Mack,Feest,Lake Dell,Mexico,Tre_Cassin@hotmail.com,TRUE,October,
8733,Eleanore,Cremin,Erdmanville,Anguilla,Blake9@gmail.com,TRUE,August,
9056,Merlin,Sanford,North Averyfort,France,Wyman23@hotmail.com,FALSE,August,
5702,Jailyn,Corwin,South Santaport,Reunion,Murphy_Shields@yahoo.com,FALSE,January,
2167,Kenya,Herman,Lake Nella,Mongolia,Kieran21@yahoo.com,TRUE,December,
802,Leonel,Balistreri,Rosaleemouth,Canada,Tina_Waters@gmail.com,FALSE,July,
5812,Clemens,Carroll,Roweside,Zambia,Roslyn_McGlynn@hotmail.com,TRUE,August,
8743,Florida,Waelchi,Reynoldport,United States of America,Arielle_Raynor29@hotmail.com,TRUE,April,
4002,Coy,Wisozk,East Lesley,Czech Republic,Lindsey.Walker54@hotmail.com,FALSE,July,
167,Genevieve,Goyette,North Nevaport,Guyana,Calista54@yahoo.com,FALSE,July,
5023,Miles,Ferry,Port Markusbury,Greece,Marilyne.Rippin26@yahoo.com,TRUE,October,
4459,Simeon,Brakus,Gislasonstad,Saint Pierre and Miquelon,Frank_Hane46@hotmail.com,FALSE,October,
5236,Denis,Schulist,East Irma,Guinea,Shanny_Hahn77@yahoo.com,TRUE,July,
5137,Cleve,Lueilwitz,O'Keefemouth,Bangladesh,Vivianne_Rowe32@gmail.com,FALSE,April,
7164,Fredy,Beahan,Floville,Guinea-Bissau,Joshua_Macejkovic@yahoo.com,FALSE,October,
9551,Noemi,Kertzmann,Kittyfort,Egypt,Rex5@yahoo.com,FALSE,June,
3725,Juliet,Gibson,East Josefina,Madagascar,Colby.Schiller83@yahoo.com,FALSE,May,
606,Meta,Runte,Raoulburgh,United States of America,Jadon_Robel81@gmail.com,TRUE,September,
4886,Alexander,Block,South Alfreda,Saint Martin,Keegan_Ruecker98@gmail.com,FALSE,November,
1816,Princess,Mertz,Dandrestad,Netherlands,Frieda.Robel@gmail.com,TRUE,February,
3136,Aurelio,Pfannerstill,North Rhiannonview,Bahamas,Durward30@hotmail.com,TRUE,May,
6040,Amari,Kerluke,Guiseppeshire,Portugal,Chadd.Bashirian71@gmail.com,FALSE,September,
626,Holly,Fahey,Kyleestad,Cameroon,Carmella.Steuber@hotmail.com,TRUE,February,
2397,Loma,Rippin,Carolynstad,Bhutan,Sheridan36@yahoo.com,FALSE,May,
2895,Alisha,Green,Blakemouth,Papua New Guinea,Ashleigh_Boyer@hotmail.com,FALSE,June,
6325,Nadia,Abbott,Gutkowskiside,Solomon Islands,Bailey9@yahoo.com,TRUE,March,
500,Tate,Botsford,West Tremayne,Tokelau,Rosendo99@hotmail.com,FALSE,December,
1855,Burnice,Effertz,Baumbachborough,Mozambique,Elenora_Kovacek62@yahoo.com,TRUE,April,
5895,London,Harber,Deontown,Nigeria,Magali_Raynor96@gmail.com,TRUE,October,
6343,Tamia,Frami,Demondfurt,Ecuador,Kadin_Feeney@gmail.com,FALSE,August,
3776,Murphy,Corwin,East Everardomouth,Cocos (Keeling) Islands,Koby_Bins@gmail.com,TRUE,February,
9423,Fredrick,Gusikowski,Wilkinsonport,Bolivia,Lawrence.Keebler98@yahoo.com,TRUE,May,
6231,Leonie,Walter,Tyriquefort,Saint Lucia,Roel14@yahoo.com,FALSE,August,
9110,Lacey,Douglas,East Jonborough,Democratic People's Republic of Korea,Zita78@hotmail.com,FALSE,January,
499,Jovany,Reichel,Port Estevanfort,Maldives,Carlee_Kling@yahoo.com,FALSE,May,
3892,Caterina,Borer,East Sageside,Egypt,Tressa_Mills27@gmail.com,FALSE,March,
66,Oma,Frami,West Milo,Maldives,Javon_Gibson@hotmail.com,FALSE,March,
1230,Alex,Hagenes,West Avis,Netherlands,Della.Roberts96@gmail.com,TRUE,August,
7666,Henriette,Tillman,East Stacey,Ireland,Hector_Tillman@yahoo.com,FALSE,September,
6541,Ernestine,Schulist,North Carolynport,Estonia,Verlie_Gerhold40@yahoo.com,FALSE,July,
5887,Sidney,Lind,Schmelerside,Saint Lucia,Aimee96@yahoo.com,FALSE,August,
273,Jessica,Kuhlman,West Bennieborough,Democratic People's Republic of Korea,Tabitha_Pouros@hotmail.com,TRUE,December,
2531,Paolo,Ryan,Considineberg,Myanmar,Orion_Glover@gmail.com,FALSE,March,
375,Thelma,Hartmann,Thompsonfurt,Wallis and Futuna,Karlie67@hotmail.com,TRUE,November,
9693,Estella,Donnelly,Predovicville,Cocos (Keeling) Islands,Raymundo.Davis67@yahoo.com,FALSE,July,
3995,Christop,Anderson,North Kiera,Cocos (Keeling) Islands,Crawford_Grant@gmail.com,FALSE,February,
5388,Jodie,Ruecker,South Winnifredland,Madagascar,Adam.Schroeder@gmail.com,FALSE,January,
1564,Quinten,Anderson,Lake Josianneview,Palau,Chauncey.Connelly@hotmail.com,FALSE,January,
5693,Mckenna,Harber,Legroshaven,Azerbaijan,Ned.Labadie@hotmail.com,TRUE,January,
8884,Noemie,Cole,Rutherfordstad,Cayman Islands,Micheal_Durgan@gmail.com,FALSE,January,
4351,Hayden,Nikolaus,East Alainastad,Anguilla,Jules30@yahoo.com,FALSE,November,
8087,Astrid,Will,West Eleonore,Serbia,Deon_Beahan@hotmail.com,FALSE,February,
9721,Quentin,Howe,Lamarmouth,Martinique,Kiley.Crona@gmail.com,TRUE,July,
9859,Jamaal,Schmidt,East Laronport,Solomon Islands,Layne.Mueller52@hotmail.com,TRUE,April,
3640,Percy,Abbott,Lake Garettview,Bermuda,Mathew38@hotmail.com,TRUE,September,
9223,Esperanza,Rippin,Port Giovanny,Kyrgyz Republic,Aurelie6@yahoo.com,TRUE,February,
4396,Kip,Schumm,New Lou,Pitcairn Islands,Maritza_Roob83@gmail.com,TRUE,May,
2431,Maia,Cole,South Mac,Belgium,Meghan4@gmail.com,FALSE,April,
5000,Anibal,Smitham,North Alayna,Chad,Sigmund44@yahoo.com,TRUE,June,
2859,Kathlyn,Huel,Port Ines,Ecuador,Araceli.Mills@yahoo.com,FALSE,July,
9813,Pat,Weber,East Breanna,Lebanon,Harvey.Cruickshank@gmail.com,TRUE,April,
2612,Marcelino,McDermott,Clotildestad,Haiti,Quentin32@yahoo.com,FALSE,June,
3970,Eileen,Schiller,South Talon,South Africa,Carole.Kulas@hotmail.com,TRUE,April,
215,Cydney,Rohan,O'Konside,Eritrea,Ollie98@yahoo.com,TRUE,July,
66,Rosendo,Stroman,Myrtlehaven,Luxembourg,Olen_Waters@gmail.com,TRUE,May,
8801,Clarissa,Mertz,North Birdieland,Saint Pierre and Miquelon,Heath_Prosacco43@yahoo.com,TRUE,June,
6295,Brielle,Welch,Elisabethtown,Malaysia,Brando_Wuckert@hotmail.com,FALSE,April,
312,Reed,Zemlak,Ollieberg,El Salvador,Linnie_Senger@gmail.com,TRUE,April,
8150,Stone,Auer,East Cassandre,Palau,Sydni.Durgan81@yahoo.com,TRUE,January,
7403,Merritt,Hauck,West Juliethaven,United States of America,Paul.Mosciski54@gmail.com,TRUE,June,
9600,Antonina,Gulgowski,Gottliebmouth,Nigeria,Bernard33@gmail.com,TRUE,November,
2678,Austin,Paucek,West Tanyaview,Myanmar,Hiram_Fritsch@hotmail.com,TRUE,September,
48,Jacques,McLaughlin,Randallfurt,Bangladesh,Kaley43@gmail.com,FALSE,December,
1450,Garrick,Wuckert,South Pamelashire,Cote d'Ivoire,Pamela_Okuneva13@yahoo.com,FALSE,December,
8560,Frederique,Macejkovic,South Annabel,Kyrgyz Republic,Oceane.Jaskolski@yahoo.com,TRUE,December,
5120,Michaela,Buckridge,East Burdette,Oman,Dewitt_Ferry@gmail.com,TRUE,April,
1500,Anika,Graham,West Susiebury,Palestinian Territory,Zoie.Kuphal37@hotmail.com,FALSE,February,
2293,Toby,Lind,Haagside,Republic of Korea,Fern82@gmail.com,TRUE,January,
5668,Thomas,Fritsch,Yosthaven,Grenada,Kenna_Sawayn62@yahoo.com,TRUE,October,
5122,Jedediah,Waelchi,North Destanyfort,Cambodia,Sierra3@yahoo.com,TRUE,March,
6002,Bette,Parisian,Lake Conner,Benin,Jamal.Glover29@yahoo.com,TRUE,January,
9406,Ethan,Hackett,Destinfort,Russian Federation,Leatha.Wilderman93@yahoo.com,TRUE,February,
8934,Helmer,Deckow,West Zenaton,Bangladesh,Arnold.Gulgowski89@yahoo.com,FALSE,May,
7135,Neha,Okuneva,Gaylordburgh,Central African Republic,Jarvis_Bosco@yahoo.com,FALSE,May,
7496,Josephine,Swaniawski,South Rubie,Palau,Marietta.Schiller@yahoo.com,FALSE,September,
8298,Judson,Grady,Anastasiachester,United States Minor Outlying Islands,Jamal_Miller41@gmail.com,FALSE,October,
3527,Aurore,Hills,Lake Aiyana,Falkland Islands (Malvinas),Elvis14@hotmail.com,FALSE,August,
4516,Derek,Braun,Stehrburgh,Romania,Patsy.MacGyver48@hotmail.com,TRUE,October,
8610,Viviane,Considine,North Alexandro,Uzbekistan,Jimmy_Altenwerth@yahoo.com,FALSE,March,
2598,Devon,Anderson,South Bernadinemouth,Bermuda,Francis_Bayer33@gmail.com,TRUE,November,
9633,Bonnie,Cummerata,East Hobartton,Kiribati,Bret_Gottlieb46@yahoo.com,FALSE,September,
7718,Burnice,Batz,Rogahnmouth,Cambodia,Anastasia76@yahoo.com,TRUE,February,
8109,Princess,McKenzie,Lake Lonny,Paraguay,Gail.Runte@yahoo.com,TRUE,June,
3794,Matilde,Heidenreich,South Carolyneside,Latvia,Florencio_Hartmann@yahoo.com,TRUE,July,
1168,Chaya,Franecki,East Noel,Tajikistan,Neoma27@yahoo.com,FALSE,December,
7577,Joaquin,Halvorson,Lake Lamarberg,Latvia,Pinkie.Pfeffer26@gmail.com,FALSE,November,
1055,Krystina,Mayer,Belleside,Mongolia,Edmund49@gmail.com,FALSE,February,
2002,Jayden,Rippin,Vickietown,Montserrat,Noemy_Reinger55@gmail.com,FALSE,March,
1818,Myrtice,Walsh,New Callie,Pakistan,Adeline_Haag87@yahoo.com,FALSE,June,
2129,Dianna,Green,Hoppeshire,Estonia,Nathanial.Nitzsche@gmail.com,TRUE,September,
4347,Connie,Weimann,South Francescastad,China,Alysha.Torp@gmail.com,TRUE,June,
3535,Freda,Abbott,Urbanton,Turkey,Meda_Deckow64@gmail.com,FALSE,February,
3226,Shaina,Wyman,East Elseland,Mexico,Tevin.Mayert@gmail.com,TRUE,August,
9001,Mohamed,Schoen,Littelhaven,Japan,Hyman.Ritchie@hotmail.com,FALSE,November,
8707,Mozell,Christiansen,Rogahnport,Martinique,Alba_Bradtke@gmail.com,TRUE,August,
1101,Idella,Schowalter,Thompsonville,Panama,Melvina_Wisoky@yahoo.com,TRUE,January,
2058,Norris,Boyer,Tomasamouth,Monaco,Verla.Bechtelar@hotmail.com,FALSE,May,
8308,Mitchell,Schowalter,North Arelyland,Greece,Mariah.Jones@hotmail.com,TRUE,April,
5952,Alverta,Boehm,East Jaylen,Guatemala,Savanna44@hotmail.com,FALSE,March,
3477,Oma,Schulist,Lake Darenmouth,Colombia,Danielle62@hotmail.com,TRUE,July,
5904,Roberto,Cassin,Nedchester,Uganda,Sandy77@hotmail.com,FALSE,September,
9993,Clemmie,Langosh,Camdenberg,Senegal,Karianne.Schaefer@yahoo.com,FALSE,March,
5835,Ethyl,Nicolas,South Anderson,Congo,Otilia14@yahoo.com,FALSE,May,
9123,Tevin,Barton,Baumbachport,Algeria,Noemie_Glover@hotmail.com,FALSE,January,
9276,Anika,Bernier,West Tanyatown,Ecuador,Matt_Wiza@hotmail.com,TRUE,February,
2638,Raphaelle,Runolfsson,West Dino,Armenia,Thurman68@gmail.com,FALSE,January,
3097,Ahmed,Corwin,South Prudence,Virgin Islands, British,Tremaine35@gmail.com,TRUE,March
2717,Arlene,O'Reilly,South Alexzanderton,Vietnam,Dee.McKenzie3@yahoo.com,FALSE,July,
4889,Elvis,Kshlerin,North Angusborough,Senegal,Herman_Orn@hotmail.com,FALSE,March,
9772,Oceane,Ward,Sybleville,Saint Lucia,Sylvan_Bergnaum@hotmail.com,TRUE,January,
6867,Bernhard,Konopelski,West Mervinborough,Poland,Casandra_Mitchell@yahoo.com,TRUE,November,
5137,Ted,Schneider,New Chyna,South Georgia and the South Sandwich Islands,Lance52@gmail.com,FALSE,August,
7158,Ima,Oberbrunner,McClureville,Angola,Hubert.Mitchell@hotmail.com,FALSE,September,
7435,Dedric,Green,New Lisandroport,Cote d'Ivoire,Jaylan_Reilly8@gmail.com,FALSE,July,
6065,Jerad,Hudson,Reganport,Somalia,Jaunita_Gutmann@gmail.com,FALSE,November,
5917,Sheldon,Legros,Port Josephmouth,Namibia,Abe.Thompson@yahoo.com,FALSE,May,
1797,Margaret,Gaylord,Rosellaview,Swaziland,Reynold_Moen19@gmail.com,FALSE,March,
3456,Julius,Feest,New Braeden,Colombia,Jerry.Abernathy@gmail.com,TRUE,July,
7582,Floyd,Marvin,Adamsmouth,United Kingdom,Deja26@yahoo.com,FALSE,February,
7441,Erika,Sipes,Schambergertown,Bhutan,Federico56@gmail.com,TRUE,March,
2122,Kaya,Dooley,Alisaview,New Zealand,Elvis.Ratke20@yahoo.com,TRUE,November,
5520,Humberto,Halvorson,Ladariushaven,Somalia,Cathrine97@hotmail.com,TRUE,July,
2538,Wilber,Kuvalis,East Pollyborough,Saint Martin,Mariano_Satterfield67@hotmail.com,FALSE,April,
4181,Reba,Volkman,Deangelostad,Liechtenstein,Oran_Aufderhar84@hotmail.com,TRUE,March,
503,Chyna,Goldner,New Lourdesberg,Jordan,Kamryn_Lubowitz26@hotmail.com,TRUE,March,
3499,Leola,Sauer,Lake Alberthatown,Togo,Eliane_Bahringer71@hotmail.com,FALSE,September,
1162,Davonte,Morar,South Gavin,Gabon,Assunta_Homenick25@gmail.com,TRUE,July,
7558,Arvid,Nitzsche,North Kaelaside,Tajikistan,Geovany.Littel@yahoo.com,FALSE,May,
4204,Isabel,O'Kon,Dollyport,Israel,Lauren15@gmail.com,FALSE,August,
2737,Vicenta,Baumbach,Romashire,Armenia,Yasmine65@gmail.com,TRUE,March,
2411,Quinton,Ferry,Gleichnerberg,Namibia,Brenna_Crona44@yahoo.com,FALSE,October,
6540,Laurie,Hahn,New Adah,French Polynesia,Trinity_Shanahan16@gmail.com,TRUE,August,
2133,Bradly,Legros,Nettieshire,Peru,Lamont.Gibson75@gmail.com,TRUE,September,
2718,Allie,Dickinson,East Hattieside,Faroe Islands,Dorian92@hotmail.com,TRUE,November,
8073,Shawn,Cremin,North Sylvanland,Italy,Anderson_Lemke48@yahoo.com,FALSE,May,
6165,Rylee,Kertzmann,Zettaton,San Marino,Misael.Brakus@gmail.com,FALSE,January,
8966,Eldred,O'Kon,New Montana,New Caledonia,Lesley_Jast@yahoo.com,FALSE,September,
2638,Shirley,Satterfield,Cornellbury,Colombia,Kenna.Collier81@yahoo.com,FALSE,August,
8164,Tyree,Oberbrunner,Uptonland,Cook Islands,Beaulah.Schneider10@yahoo.com,FALSE,August,
5393,Angel,Grimes,Lake Makenzie,Martinique,Jackeline89@yahoo.com,TRUE,May,
3753,Taylor,Smitham,Lake Harmony,Austria,Tyra51@hotmail.com,FALSE,April,
7932,Burdette,Watsica,South Louvenia,Saint Vincent and the Grenadines,Alysa.Streich@hotmail.com,TRUE,October,
9757,Dandre,Stokes,Mullerburgh,Estonia,Mary31@hotmail.com,TRUE,December,
2142,Janick,Satterfield,Manuelabury,Madagascar,Ferne_Grimes47@gmail.com,TRUE,September,
1836,Johanna,Little,Newtonhaven,Greenland,Loyce92@gmail.com,FALSE,January,
4641,Clarissa,Smitham,New Janice,Netherlands Antilles,Jaclyn.Jacobson36@gmail.com,FALSE,February,
1282,Brianne,Pacocha,West Romanland,Germany,Annalise53@hotmail.com,FALSE,June,
6669,Margie,Konopelski,Jacquesberg,Gibraltar,Camille92@yahoo.com,FALSE,September,
5669,Nash,Dicki,New Ricardo,Macao,Koby93@gmail.com,FALSE,February,
4705,Natalie,Deckow,North Francesca,Liechtenstein,Christelle60@gmail.com,TRUE,February,
9332,Fletcher,Hoeger,Grimesville,Central African Republic,Ludwig.Halvorson@hotmail.com,FALSE,January,
635,Leonel,Kertzmann,North Julioberg,Saint Barthelemy,Sam_Kozey34@hotmail.com,FALSE,April,
4648,Andreane,Rohan,South Earleneshire,Slovenia,Dusty.Luettgen34@hotmail.com,TRUE,October,
8712,Anahi,Shanahan,New Robyn,Iran,Christop77@hotmail.com,TRUE,January,
4593,Eliseo,Armstrong,Wisokyfort,Haiti,Lindsay.Howell82@gmail.com,FALSE,March,
8683,Vernon,Goldner,East German,Bosnia and Herzegovina,Margarete30@gmail.com,TRUE,November,
898,Noelia,Purdy,Maiaport,Estonia,Leta_Balistreri68@hotmail.com,FALSE,May,
4837,Dallas,Brakus,Sammychester,Niue,Aubree.Marquardt44@gmail.com,FALSE,February,
3468,Lue,Grant,Lake Cristalville,Zimbabwe,Luz.Bogisich96@yahoo.com,TRUE,July,
9212,Zola,O'Reilly,New Myrnahaven,Botswana,Margarett36@hotmail.com,TRUE,January,
2854,Trenton,Ortiz,Welchland,Jordan,Erwin28@gmail.com,TRUE,February,
4890,Jacinto,Leannon,Mitchellmouth,Turkey,Leora.Murray66@yahoo.com,FALSE,August,
8335,Glen,Jaskolski,Candiceville,Monaco,Orin63@hotmail.com,TRUE,June,
4606,Jazmyn,Bernhard,Harberberg,Paraguay,Leta.Medhurst55@hotmail.com,TRUE,October,
6397,Gracie,Paucek,Emeliaborough,Mongolia,Hershel.Hintz@hotmail.com,FALSE,January,
3558,Laney,Green,Haleyton,Jamaica,Rylee.Kuhn@hotmail.com,TRUE,February,
1547,Ivah,Rowe,Judahstad,Uganda,Willard29@yahoo.com,TRUE,July,
5043,Rosa,Smitham,New Nelda,Brunei Darussalam,Sean26@yahoo.com,TRUE,August,
1475,Ray,O'Reilly,Dorthaburgh,Canada,Jamaal_Rippin97@gmail.com,FALSE,February,
7048,Tobin,Howe,Lake Jason,Azerbaijan,Cesar49@hotmail.com,TRUE,July,
7185,Colin,Langosh,Port Pollyton,Somalia,Torey48@yahoo.com,FALSE,November,
9283,Margarett,Lebsack,Lake Solonfort,Poland,Ila81@hotmail.com,FALSE,June,
2515,Joaquin,VonRueden,Gailshire,Romania,Broderick.Weber@yahoo.com,TRUE,April,
5274,Hertha,Pagac,Kreigerborough,Estonia,Cheyenne.Schroeder45@yahoo.com,TRUE,February,
5849,Alexis,Goodwin,West Meghan,Barbados,Lupe68@gmail.com,FALSE,February,
5861,Scarlett,Lind,New Justyn,Cook Islands,Amber11@hotmail.com,FALSE,July,
1002,Cloyd,Boyle,North Jaylenhaven,El Salvador,Alexa43@hotmail.com,FALSE,August,
1942,Sharon,Fadel,Davisside,Nauru,Lera52@yahoo.com,TRUE,December,
7078,Lauriane,Haag,South Hank,Congo,Johathan61@gmail.com,FALSE,December,
6387,Bianka,Dickinson,North Laylastad,Brazil,Lawson.Mayert14@yahoo.com,FALSE,September,
1467,Ana,Gutkowski,Handside,Poland,Chandler.Kuhn11@gmail.com,FALSE,May,
7642,Immanuel,Crooks,New Norrisport,Kiribati,Juston.Lynch@yahoo.com,TRUE,April,
2676,Reva,White,North Enidbury,Gambia,Keanu93@hotmail.com,FALSE,August,
8898,D'angelo,Kautzer,North Enricoborough,Japan,Jayden.Mann84@gmail.com,FALSE,September,
6796,Okey,Abshire,North Fabiolaborough,Croatia,Avis_Dicki@gmail.com,TRUE,February,
2063,Ransom,Halvorson,Brandyton,Turks and Caicos Islands,Jillian_Walker60@yahoo.com,FALSE,October,
5072,Domenica,Bergnaum,Roobside,Nauru,Matilde_Douglas@gmail.com,FALSE,November,
3473,Fabian,Hoeger,Fisherview,Niue,Mohammed.Koepp49@yahoo.com,FALSE,May,
2187,Chad,Goodwin,Hackettport,Jordan,Kennedy0@gmail.com,FALSE,January,
7389,Franco,O'Kon,Streichchester,Central African Republic,Hank_Huel@gmail.com,TRUE,December,
7557,Beverly,Wisozk,Howardhaven,Anguilla,Maryjane_Parker52@hotmail.com,TRUE,December,
3263,Anna,Deckow,Pouroshaven,Seychelles,Jaime.Thompson43@hotmail.com,FALSE,December,
3620,Austen,Lockman,North Owen,Georgia,Olin_Bayer@yahoo.com,FALSE,April,
7417,Frankie,Bechtelar,Wisokyhaven,Dominica,Tara80@yahoo.com,FALSE,March,
3322,Anabelle,Leannon,Majorport,Maldives,Dallas_Kunze54@yahoo.com,TRUE,September,
1084,Annabell,Bailey,North Junius,Estonia,Chelsey62@hotmail.com,FALSE,November,
8024,Melisa,Nikolaus,Lake Hillaryville,Bangladesh,Gloria31@yahoo.com,TRUE,April,
1609,Lucas,Windler,Rosenbaumborough,Bouvet Island (Bouvetoya),Eva.Streich@yahoo.com,FALSE,March,
4500,Aiyana,Smith,Samarabury,Palau,Bertram23@hotmail.com,FALSE,January,
3589,Evangeline,Durgan,Leannonshire,Turkey,Bernadette_Effertz@gmail.com,TRUE,September,
5297,Chloe,Torphy,New Rosendo,Serbia,David_Steuber@yahoo.com,TRUE,November,
204,Domenic,Considine,New Mosheberg,American Samoa,Wellington_Rippin@gmail.com,FALSE,December,
6670,Margret,Pouros,Jerryview,Netherlands,Ivah.Leannon85@yahoo.com,TRUE,February,
4221,Preston,McLaughlin,New Rachelleport,Mongolia,Willy.Larkin@hotmail.com,FALSE,October,
5170,Brooks,Abshire,Lake Jonfort,Mauritania,Amelie.Schaden@hotmail.com,FALSE,July,
8799,Lacey,Krajcik,East Roderick,Reunion,Yasmeen27@hotmail.com,TRUE,March,
7947,Myrtice,Hoeger,Amirhaven,Angola,Buck_Sporer75@gmail.com,FALSE,April,
6381,Raegan,Lowe,Kathryneland,Uganda,Tristian.Williamson@hotmail.com,TRUE,August,
1241,Pink,Kris,Anselbury,Isle of Man,Marisa.Bauch@yahoo.com,FALSE,December,
7924,Watson,Shanahan,Kochport,Saint Vincent and the Grenadines,Ressie22@hotmail.com,TRUE,September,
1930,Alden,Berge,South Stephenfurt,Honduras,Georgiana10@gmail.com,FALSE,December,
746,Adelia,Moen,New Lucius,Iran,Reymundo_Fritsch@hotmail.com,FALSE,April,
9516,Elenora,Becker,Hannahburgh,Tunisia,Verner_Rempel@yahoo.com,TRUE,June,
8468,Fritz,Lowe,Myrnamouth,Gambia,Breana_Rolfson69@gmail.com,TRUE,October,
3483,Lilla,Durgan,Melvinmouth,Uruguay,Brooks.Abbott@hotmail.com,TRUE,October,
8460,Cordie,Shanahan,Olafstad,Suriname,Flavie98@yahoo.com,TRUE,February,
8996,Lisette,Hermiston,Turnerview,Nigeria,Gabriel6@hotmail.com,TRUE,April,
8667,Dorthy,Reichel,Ernestinashire,Lesotho,Emory_Pacocha@gmail.com,TRUE,January,
7500,Maverick,Hintz,Port Beau,Portugal,Megane_Turner47@yahoo.com,TRUE,December,
7813,Lowell,Wisozk,New Alexys,Congo,Jessie.Bogisich94@yahoo.com,TRUE,November,
5521,Linnea,Thompson,Fadelborough,Djibouti,Branson.Gutkowski46@gmail.com,TRUE,November,
4905,Kobe,Parisian,Johathanmouth,Antarctica (the territory South of 60 deg S),Elta_McCullough45@hotmail.com,TRUE,August,
6977,Devin,Sanford,South Felipemouth,Algeria,Kody.Botsford8@hotmail.com,FALSE,February,
697,Ignacio,Crooks,Cummingston,Swaziland,Shaniya_Senger84@hotmail.com,TRUE,May,
2434,Eliza,Hilpert,Andreaneberg,Hungary,Brandi_Bailey18@gmail.com,FALSE,January,
8519,Bart,Ziemann,Grantchester,Maldives,Hipolito.Brakus27@hotmail.com,TRUE,August,
8884,Eden,Schuppe,North Mauricioburgh,Wallis and Futuna,Griffin2@gmail.com,TRUE,October,
8864,Seamus,Ondricka,South Uniquebury,Honduras,Desiree_Grant30@yahoo.com,FALSE,June,
1157,Ericka,Huel,North Johathanmouth,Bahrain,Bethel21@gmail.com,FALSE,March,
9315,Wilhelm,Koelpin,Karlibury,Bosnia and Herzegovina,Max.Koelpin89@hotmail.com,FALSE,February,
2878,Renee,Price,Feilfurt,Lebanon,Giovanny_Toy98@gmail.com,FALSE,August,
3478,Raheem,Treutel,Port Erwinburgh,Poland,Devonte65@gmail.com,TRUE,September,
1925,Tania,Pfeffer,Stefanieburgh,Peru,Timothy13@hotmail.com,FALSE,May,
8615,Dasia,Hettinger,North Ellsworth,Madagascar,Icie_Conn66@hotmail.com,TRUE,November,
7851,Emilia,Grant,Lebsackhaven,Kuwait,Susan_Hoeger12@gmail.com,TRUE,May,
5139,Natalia,Wolff,New Zettaside,Slovenia,Gabriella64@hotmail.com,TRUE,January,
9050,Catalina,Hayes,Coleton,Bolivia,August.McKenzie@gmail.com,TRUE,September,
683,Marianne,Bechtelar,Larsonport,Greece,Vernon.Kshlerin@gmail.com,TRUE,November,
1755,Murl,Leuschke,North Charityside,Martinique,Lola_McGlynn@hotmail.com,FALSE,October,
7846,Ophelia,Haley,West Ursula,Cayman Islands,Desiree2@yahoo.com,FALSE,August,
3626,Cameron,Block,New Darrel,French Southern Territories,Cortney.Wilkinson@gmail.com,FALSE,June,
2521,Bruce,Roob,New Isobel,Burkina Faso,Elbert.Boyer@gmail.com,FALSE,April,
1821,Jaydon,Bosco,South Sylvester,Norfolk Island,Lonzo43@gmail.com,TRUE,March,
9564,Ike,DuBuque,Corkeryburgh,Tanzania,Lew.Weimann@yahoo.com,TRUE,November,
7336,Jarod,Wunsch,North Germanland,Sierra Leone,Pearlie_Metz@gmail.com,FALSE,August,
8111,Althea,Hoeger,West Mercedesport,Guinea-Bissau,Nestor36@yahoo.com,TRUE,October,
5568,Daryl,Zulauf,South Rory,Tanzania,Hattie_Kuvalis@yahoo.com,FALSE,August,
391,Michael,Murphy,East Margot,Indonesia,Brenden_Rutherford@yahoo.com,TRUE,July,
5679,Treva,Fay,Mohrview,Venezuela,Jadyn_Runte@yahoo.com,FALSE,July,
562,Minerva,Spencer,North Abbieside,Marshall Islands,Sabryna_Kessler@hotmail.com,TRUE,April,
6066,Danyka,McDermott,Enahaven,Armenia,Patrick.Walsh@hotmail.com,TRUE,September,
8146,Everett,Greenholt,Gersonfurt,Luxembourg,Enola_Wolf78@gmail.com,FALSE,August,
9622,Patricia,Lueilwitz,Irwinland,Heard Island and McDonald Islands,Rosalee_Heathcote95@yahoo.com,TRUE,January,
1293,Zola,Howell,Cormierstad,Bosnia and Herzegovina,Haskell81@yahoo.com,FALSE,August,
3777,Kayleigh,Bartell,Reeseberg,Palau,Demetris_Wiza@hotmail.com,TRUE,August,
4771,Rico,Leffler,Lake Murphy,Honduras,Baby.Bednar61@hotmail.com,TRUE,January,
514,Karen,Mills,Bridgetteview,Qatar,Lilly.Morar@hotmail.com,TRUE,October,
3319,George,Breitenberg,New Jalon,Andorra,Ulices.Prohaska69@hotmail.com,FALSE,September,
3639,Lera,Lind,Legrosfort,Uzbekistan,Peggie90@yahoo.com,FALSE,August,
1812,Brenda,Abernathy,Jimmyfort,Togo,Maximillian_Bernhard@yahoo.com,FALSE,July,
4843,Cleveland,Kshlerin,Port Winnifred,Syrian Arab Republic,Brannon.Bauch1@yahoo.com,FALSE,June,
126,Brycen,Hackett,Kerlukechester,Republic of Korea,Florine.Towne@gmail.com,FALSE,March,
5948,Mallory,Walsh,Schulistton,Spain,Andres_Pagac@gmail.com,TRUE,December,
1010,Ron,Walter,Abechester,Brunei Darussalam,Oma83@hotmail.com,FALSE,September,
6812,Marlee,Mitchell,Fadelside,Venezuela,Mertie39@gmail.com,FALSE,June,
1542,Zion,Sanford,East Dario,Benin,Winfield.Haley58@hotmail.com,FALSE,August,
2554,Doris,Jaskolski,Blandastad,Mauritania,Sabrina_Jacobs@hotmail.com,FALSE,November,
8826,Nigel,Jast,West Leo,Papua New Guinea,Ruth13@yahoo.com,TRUE,August,
6411,Dallas,Terry,South Efren,Comoros,Retha10@hotmail.com,TRUE,January,
1228,Yasmine,Doyle,Simborough,Christmas Island,Cordie48@hotmail.com,TRUE,October,
7644,Keegan,Ziemann,East Ada,Honduras,Maynard74@gmail.com,TRUE,August,
9098,Myra,Crona,Karinechester,Austria,Cary.Waelchi44@hotmail.com,FALSE,May,
8272,Palma,Flatley,Koeppbury,Ireland,Melba_Schmidt@gmail.com,FALSE,July,
1113,Valentina,Padberg,North Jessyburgh,Cote d'Ivoire,Vivien.Maggio4@yahoo.com,FALSE,January,
7895,Shanel,Olson,South Kaylah,French Polynesia,Ozella23@yahoo.com,TRUE,May,
4182,Mario,Barrows,Dejahland,Senegal,Irving_Eichmann84@gmail.com,FALSE,December,
4121,Gerard,Langosh,Joneschester,India,Juanita.Cassin@hotmail.com,TRUE,October,
6584,Julio,Wisoky,West Carley,Venezuela,Brycen_Ryan95@gmail.com,TRUE,September,
356,Mathew,Reynolds,Izaiahhaven,Netherlands Antilles,Matilda98@yahoo.com,TRUE,December,
8765,Vernon,Ernser,South Jamartown,Guyana,Lesley_Hegmann@yahoo.com,FALSE,May,
7398,Josianne,Howell,New Jessborough,Jersey,Arlene.Mraz@yahoo.com,FALSE,April,
2435,Conrad,Jacobson,Gutkowskiville,China,Jane_Kuhn92@hotmail.com,FALSE,January,
8701,Vivienne,Bergnaum,North Jonathan,Wallis and Futuna,Stanley.Bradtke@yahoo.com,TRUE,November,
7647,Brisa,Gulgowski,Oraland,Lesotho,Mac50@hotmail.com,FALSE,January,
9712,Brock,Crist,Hartmannside,Kenya,Colt.Gibson@hotmail.com,FALSE,July,
3425,Geovanny,Schumm,South Savion,Spain,Lora.Kozey@hotmail.com,TRUE,May,
6372,Sadie,Marks,Port Dina,Romania,Loy.Stoltenberg@yahoo.com,FALSE,March,
9084,Kayli,Barton,Beattyburgh,Costa Rica,Bryon69@gmail.com,TRUE,October,
2044,Allie,Zboncak,Idabury,Aruba,Rhiannon_Gorczany64@gmail.com,FALSE,October,
6305,Tierra,Satterfield,Port Estefaniaton,Moldova,Domenick_Dare@yahoo.com,FALSE,February,
6210,George,Rodriguez,Lavernburgh,Nepal,Giles_Stiedemann57@gmail.com,TRUE,November,
8186,Elnora,Brekke,O'Konberg,Uganda,Leann88@hotmail.com,TRUE,May,
